﻿pos_x,pos_y,rotation,side,designator,mpn,pack,value,mount_type,place
193.5,-119.0,90.0,bottom,C1,CL32B226KAJNNNE,C_1210_3225Metric_Pad1.33x2.70mm_HandSolder,22u,smt,True
170.25,-116.0,90.0,top,C10,25SVPF330M,CP_Elec_10x12.6,330u,smt,True
112.5,-116.0,180.0,bottom,C100,CL32B226KAJNNNE,C_1210_3225Metric_Pad1.33x2.70mm_HandSolder,22u,smt,True
112.5,-112.5,180.0,bottom,C101,CL32B226KAJNNNE,C_1210_3225Metric_Pad1.33x2.70mm_HandSolder,22u,smt,True
112.5,-109.0,180.0,bottom,C102,CL32B226KAJNNNE,C_1210_3225Metric_Pad1.33x2.70mm_HandSolder,22u,smt,True
112.5,-105.5,180.0,bottom,C103,CL32B226KAJNNNE,C_1210_3225Metric_Pad1.33x2.70mm_HandSolder,22u,smt,True
121.5,-105.5,0.0,bottom,C104,CL32B226KAJNNNE,C_1210_3225Metric_Pad1.33x2.70mm_HandSolder,22u,smt,True
102.25,-118.5,-90.0,top,C105,CL10B104KB8NNWC,C_0603_1608Metric_Pad1.08x0.95mm_HandSolder,100n,smt,True
121.5,-109.0,0.0,bottom,C106,CL32B226KAJNNNE,C_1210_3225Metric_Pad1.33x2.70mm_HandSolder,22u,smt,True
104.0,-118.5,-90.0,top,C107,CL10B103KB8NNNC,C_0603_1608Metric_Pad1.08x0.95mm_HandSolder,10n,smt,True
121.5,-112.5,0.0,bottom,C108,CL32B226KAJNNNE,C_1210_3225Metric_Pad1.33x2.70mm_HandSolder,22u,smt,True
105.75,-118.5,-90.0,top,C109,CL10B472KB8NFNC,C_0603_1608Metric_Pad1.08x0.95mm_HandSolder,4.7n,smt,True
159.25,-116.0,90.0,top,C11,25SVPF330M,CP_Elec_10x12.6,330u,smt,True
121.5,-116.0,0.0,bottom,C110,CL32B226KAJNNNE,C_1210_3225Metric_Pad1.33x2.70mm_HandSolder,22u,smt,True
107.5,-118.5,-90.0,top,C111,CL10B102KB8NNNC,C_0603_1608Metric_Pad1.08x0.95mm_HandSolder,1n,smt,True
121.5,-119.5,0.0,bottom,C112,CL32B226KAJNNNE,C_1210_3225Metric_Pad1.33x2.70mm_HandSolder,22u,smt,True
117.5,-118.5,-90.0,top,C113,CL21A475KLCLQNC,C_0805_2012Metric_Pad1.18x1.45mm_HandSolder,4.7u,smt,True
94.25,-122.75,0.0,top,C114,CL10B104KB8NNWC,C_0603_1608Metric_Pad1.08x0.95mm_HandSolder,100n,smt,True
112.5,-107.0,180.0,top,C115,CL21A475KLCLQNC,C_0805_2012Metric_Pad1.18x1.45mm_HandSolder,4.7u,smt,True
94.25,-121.0,0.0,top,C116,CL10B103KB8NNNC,C_0603_1608Metric_Pad1.08x0.95mm_HandSolder,10n,smt,True
112.5,-109.0,180.0,top,C117,CL21A475KLCLQNC,C_0805_2012Metric_Pad1.18x1.45mm_HandSolder,4.7u,smt,True
94.25,-117.5,0.0,top,C118,CL10B472KB8NFNC,C_0603_1608Metric_Pad1.08x0.95mm_HandSolder,4.7n,smt,True
112.5,-111.0,180.0,top,C119,CL21A475KLCLQNC,C_0805_2012Metric_Pad1.18x1.45mm_HandSolder,4.7u,smt,True
203.0,-110.0,180.0,top,C12,CL21A475KLCLQNC,C_0805_2012Metric_Pad1.18x1.45mm_HandSolder,4.7u,smt,True
94.25,-119.25,0.0,top,C120,CL10B102KB8NNNC,C_0603_1608Metric_Pad1.08x0.95mm_HandSolder,1n,smt,True
112.5,-113.0,180.0,top,C121,CL21A475KLCLQNC,C_0805_2012Metric_Pad1.18x1.45mm_HandSolder,4.7u,smt,True
112.5,-115.0,180.0,top,C122,CL21A475KLCLQNC,C_0805_2012Metric_Pad1.18x1.45mm_HandSolder,4.7u,smt,True
113.5,-118.5,-90.0,top,C123,CL10B104KB8NNWC,C_0603_1608Metric_Pad1.08x0.95mm_HandSolder,100n,smt,True
115.5,-118.5,-90.0,top,C124,CL10B104KB8NNWC,C_0603_1608Metric_Pad1.08x0.95mm_HandSolder,100n,smt,True
171.25,-87.5,-90.0,bottom,C125,CL10B104KB8NNWC,C_0603_1608Metric_Pad1.08x0.95mm_HandSolder,100n,smt,True
169.25,-87.5,-90.0,bottom,C126,CL10B102KB8NNNC,C_0603_1608Metric_Pad1.08x0.95mm_HandSolder,1n,smt,True
173.25,-87.5,-90.0,bottom,C127,CL10B102KB8NNNC,C_0603_1608Metric_Pad1.08x0.95mm_HandSolder,1n,smt,True
172.75,-83.5,0.0,top,C128,GCM1885C2A471FA16D,C_0603_1608Metric_Pad1.08x0.95mm_HandSolder,470p,smt,True
172.75,-91.5,0.0,top,C129,GCM1885C2A471FA16D,C_0603_1608Metric_Pad1.08x0.95mm_HandSolder,470p,smt,True
193.0,-93.0,180.0,bottom,C13,CL21B105KBFNNNG,C_0805_2012Metric_Pad1.18x1.45mm_HandSolder,1u,smt,True
169.0,-87.5,180.0,top,C130,CL21B105KBFNNNG,C_0805_2012Metric_Pad1.18x1.45mm_HandSolder,1u,smt,True
175.25,-87.5,-90.0,bottom,C131,CL10B102KB8NNNC,C_0603_1608Metric_Pad1.08x0.95mm_HandSolder,1n,smt,True
177.25,-89.25,-90.0,bottom,C132,CL10B102KB8NNNC,C_0603_1608Metric_Pad1.08x0.95mm_HandSolder,1n,smt,True
177.25,-85.75,90.0,bottom,C133,CL10B102KB8NNNC,C_0603_1608Metric_Pad1.08x0.95mm_HandSolder,1n,smt,True
171.25,-100.5,-90.0,bottom,C134,CL10B104KB8NNWC,C_0603_1608Metric_Pad1.08x0.95mm_HandSolder,100n,smt,True
169.25,-100.5,-90.0,bottom,C135,GCM1885C2A151JA16D,C_0603_1608Metric_Pad1.08x0.95mm_HandSolder,150p,smt,True
173.25,-100.5,-90.0,bottom,C136,CL10B102KB8NNNC,C_0603_1608Metric_Pad1.08x0.95mm_HandSolder,1n,smt,True
174.25,-96.0,0.0,top,C137,GCM1885C2A330JA16D,C_0603_1608Metric_Pad1.08x0.95mm_HandSolder,33p,smt,True
174.25,-105.0,0.0,top,C138,GCM1885C2A330JA16D,C_0603_1608Metric_Pad1.08x0.95mm_HandSolder,33p,smt,True
169.0,-100.5,180.0,top,C139,CL21B105KBFNNNG,C_0805_2012Metric_Pad1.18x1.45mm_HandSolder,1u,smt,True
203.0,-100.0,180.0,top,C14,CL21A475KLCLQNC,C_0805_2012Metric_Pad1.18x1.45mm_HandSolder,4.7u,smt,True
175.25,-100.5,-90.0,bottom,C140,CL10B102KB8NNNC,C_0603_1608Metric_Pad1.08x0.95mm_HandSolder,1n,smt,True
177.25,-102.5,-90.0,bottom,C141,CL10B102KB8NNNC,C_0603_1608Metric_Pad1.08x0.95mm_HandSolder,1n,smt,True
177.25,-98.5,90.0,bottom,C142,CL10B102KB8NNNC,C_0603_1608Metric_Pad1.08x0.95mm_HandSolder,1n,smt,True
153.25,-76.5,180.0,bottom,C143,CL10B102KB8NNNC,C_0603_1608Metric_Pad1.08x0.95mm_HandSolder,1n,smt,True
153.25,-74.5,180.0,bottom,C144,CL10B104KB8NNWC,C_0603_1608Metric_Pad1.08x0.95mm_HandSolder,100n,smt,True
156.25,-75.5,90.0,bottom,C145,CL10B102KB8NNNC,C_0603_1608Metric_Pad1.08x0.95mm_HandSolder,1n,smt,True
172.75,-76.485,180.0,bottom,C146,CL10B102KB8NNNC,C_0603_1608Metric_Pad1.08x0.95mm_HandSolder,1n,smt,True
172.75,-74.485,180.0,bottom,C147,CL10B104KB8NNWC,C_0603_1608Metric_Pad1.08x0.95mm_HandSolder,100n,smt,True
175.75,-75.485,90.0,bottom,C148,CL10B102KB8NNNC,C_0603_1608Metric_Pad1.08x0.95mm_HandSolder,1n,smt,True
201.0,-90.5,90.0,bottom,C15,CL32B226KAJNNNE,C_1210_3225Metric_Pad1.33x2.70mm_HandSolder,22u,smt,True
204.0,-90.5,90.0,bottom,C16,CL21A475KLCLQNC,C_0805_2012Metric_Pad1.18x1.45mm_HandSolder,4.7u,smt,True
193.0,-91.0,180.0,bottom,C17,CL21A475KLCLQNC,C_0805_2012Metric_Pad1.18x1.45mm_HandSolder,4.7u,smt,True
197.0,-90.5,90.0,bottom,C18,CL32B226KAJNNNE,C_1210_3225Metric_Pad1.33x2.70mm_HandSolder,22u,smt,True
158.25,-86.0,-90.0,bottom,C19,CL10B472KB8NFNC,C_0603_1608Metric_Pad1.08x0.95mm_HandSolder,4.7n,smt,True
188.5,-123.0,-90.0,bottom,C2,CL10B104KB8NNWC,C_0603_1608Metric_Pad1.08x0.95mm_HandSolder,100n,smt,True
113.75,-91.5,90.0,bottom,C20,CL32B226KAJNNNE,C_1210_3225Metric_Pad1.33x2.70mm_HandSolder,22u,smt,True
117.25,-98.5,-90.0,bottom,C21,CL32B226KAJNNNE,C_1210_3225Metric_Pad1.33x2.70mm_HandSolder,22u,smt,True
113.75,-98.5,-90.0,top,C22,CL32B226KAJNNNE,C_1210_3225Metric_Pad1.33x2.70mm_HandSolder,22u,smt,True
120.75,-98.5,-90.0,bottom,C23,CL32B226KAJNNNE,C_1210_3225Metric_Pad1.33x2.70mm_HandSolder,22u,smt,True
113.75,-91.5,90.0,top,C24,CL32B226KAJNNNE,C_1210_3225Metric_Pad1.33x2.70mm_HandSolder,22u,smt,True
120.75,-98.5,-90.0,top,C25,CL32B226KAJNNNE,C_1210_3225Metric_Pad1.33x2.70mm_HandSolder,22u,smt,True
126.0,-98.0,-90.0,top,C26,CL21A475KLCLQNC,C_0805_2012Metric_Pad1.18x1.45mm_HandSolder,4.7u,smt,True
117.25,-91.5,90.0,top,C27,CL32B226KAJNNNE,C_1210_3225Metric_Pad1.33x2.70mm_HandSolder,22u,smt,True
120.25,-92.0,90.0,top,C28,CL21B105KBFNNNG,C_0805_2012Metric_Pad1.18x1.45mm_HandSolder,1u,smt,True
113.75,-98.5,-90.0,bottom,C29,CL32B226KAJNNNE,C_1210_3225Metric_Pad1.33x2.70mm_HandSolder,22u,smt,True
181.5,-127.0,90.0,top,C3,25SVPF330M,CP_Elec_10x12.6,330u,smt,True
117.25,-98.5,-90.0,top,C30,CL32B226KAJNNNE,C_1210_3225Metric_Pad1.33x2.70mm_HandSolder,22u,smt,True
117.25,-91.5,90.0,bottom,C31,CL32B226KAJNNNE,C_1210_3225Metric_Pad1.33x2.70mm_HandSolder,22u,smt,True
123.75,-98.0,-90.0,bottom,C32,CL21A475KLCLQNC,C_0805_2012Metric_Pad1.18x1.45mm_HandSolder,4.7u,smt,True
123.75,-98.0,-90.0,top,C33,CL21A475KLCLQNC,C_0805_2012Metric_Pad1.18x1.45mm_HandSolder,4.7u,smt,True
126.0,-98.0,-90.0,bottom,C34,CL21A475KLCLQNC,C_0805_2012Metric_Pad1.18x1.45mm_HandSolder,4.7u,smt,True
120.25,-92.0,90.0,bottom,C35,CL21B105KBFNNNG,C_0805_2012Metric_Pad1.18x1.45mm_HandSolder,1u,smt,True
122.25,-92.0,90.0,top,C36,CL10B472KB8NFNC,C_0603_1608Metric_Pad1.08x0.95mm_HandSolder,4.7n,smt,True
122.25,-92.0,-90.0,bottom,C37,CL10B104KB8NNWC,C_0603_1608Metric_Pad1.08x0.95mm_HandSolder,100n,smt,True
129.25,-96.5,180.0,bottom,C38,CL21B105KBFNNNG,C_0805_2012Metric_Pad1.18x1.45mm_HandSolder,1u,smt,True
125.75,-84.5,0.0,bottom,C39,CL10B104KB8NNWC,C_0603_1608Metric_Pad1.08x0.95mm_HandSolder,100n,smt,True
177.0,-128.5,90.0,bottom,C4,CL32B226KAJNNNE,C_1210_3225Metric_Pad1.33x2.70mm_HandSolder,22u,smt,True
129.25,-94.5,0.0,bottom,C40,CL10B104KB8NNWC,C_0603_1608Metric_Pad1.08x0.95mm_HandSolder,100n,smt,True
129.25,-94.5,0.0,top,C41,CL10B104KB8NNWC,C_0603_1608Metric_Pad1.08x0.95mm_HandSolder,100n,smt,True
122.25,-87.0,-90.0,top,C42,GCM1885C2A151JA16D,C_0603_1608Metric_Pad1.08x0.95mm_HandSolder,150p,smt,True
113.75,-126.5,90.0,bottom,C43,CL32B226KAJNNNE,C_1210_3225Metric_Pad1.33x2.70mm_HandSolder,22u,smt,True
117.25,-133.5,-90.0,bottom,C44,CL32B226KAJNNNE,C_1210_3225Metric_Pad1.33x2.70mm_HandSolder,22u,smt,True
113.75,-133.5,-90.0,top,C45,CL32B226KAJNNNE,C_1210_3225Metric_Pad1.33x2.70mm_HandSolder,22u,smt,True
120.75,-133.5,-90.0,bottom,C46,CL32B226KAJNNNE,C_1210_3225Metric_Pad1.33x2.70mm_HandSolder,22u,smt,True
113.75,-126.5,90.0,top,C47,CL32B226KAJNNNE,C_1210_3225Metric_Pad1.33x2.70mm_HandSolder,22u,smt,True
120.75,-133.5,-90.0,top,C48,CL32B226KAJNNNE,C_1210_3225Metric_Pad1.33x2.70mm_HandSolder,22u,smt,True
126.0,-133.0,-90.0,top,C49,CL21A475KLCLQNC,C_0805_2012Metric_Pad1.18x1.45mm_HandSolder,4.7u,smt,True
173.5,-128.5,90.0,bottom,C5,CL32B226KAJNNNE,C_1210_3225Metric_Pad1.33x2.70mm_HandSolder,22u,smt,True
117.25,-126.5,90.0,top,C50,CL32B226KAJNNNE,C_1210_3225Metric_Pad1.33x2.70mm_HandSolder,22u,smt,True
120.25,-127.0,90.0,top,C51,CL21B105KBFNNNG,C_0805_2012Metric_Pad1.18x1.45mm_HandSolder,1u,smt,True
113.75,-133.5,-90.0,bottom,C52,CL32B226KAJNNNE,C_1210_3225Metric_Pad1.33x2.70mm_HandSolder,22u,smt,True
117.25,-133.5,-90.0,top,C53,CL32B226KAJNNNE,C_1210_3225Metric_Pad1.33x2.70mm_HandSolder,22u,smt,True
117.25,-126.5,90.0,bottom,C54,CL32B226KAJNNNE,C_1210_3225Metric_Pad1.33x2.70mm_HandSolder,22u,smt,True
123.75,-133.0,-90.0,bottom,C55,CL21A475KLCLQNC,C_0805_2012Metric_Pad1.18x1.45mm_HandSolder,4.7u,smt,True
123.75,-133.0,-90.0,top,C56,CL21A475KLCLQNC,C_0805_2012Metric_Pad1.18x1.45mm_HandSolder,4.7u,smt,True
126.0,-133.0,-90.0,bottom,C57,CL21A475KLCLQNC,C_0805_2012Metric_Pad1.18x1.45mm_HandSolder,4.7u,smt,True
120.25,-127.0,90.0,bottom,C58,CL21B105KBFNNNG,C_0805_2012Metric_Pad1.18x1.45mm_HandSolder,1u,smt,True
122.25,-127.0,90.0,top,C59,CL10B472KB8NFNC,C_0603_1608Metric_Pad1.08x0.95mm_HandSolder,4.7n,smt,True
182.5,-129.0,90.0,bottom,C6,CL21A475KLCLQNC,C_0805_2012Metric_Pad1.18x1.45mm_HandSolder,4.7u,smt,True
122.25,-127.0,-90.0,bottom,C60,CL10B104KB8NNWC,C_0603_1608Metric_Pad1.08x0.95mm_HandSolder,100n,smt,True
129.25,-131.5,180.0,bottom,C61,CL21B105KBFNNNG,C_0805_2012Metric_Pad1.18x1.45mm_HandSolder,1u,smt,True
125.75,-119.5,0.0,bottom,C62,CL10B104KB8NNWC,C_0603_1608Metric_Pad1.08x0.95mm_HandSolder,100n,smt,True
129.25,-129.5,0.0,bottom,C63,CL10B104KB8NNWC,C_0603_1608Metric_Pad1.08x0.95mm_HandSolder,100n,smt,True
129.25,-129.5,0.0,top,C64,CL10B104KB8NNWC,C_0603_1608Metric_Pad1.08x0.95mm_HandSolder,100n,smt,True
122.25,-122.0,-90.0,top,C65,GCM1885C2A151JA16D,C_0603_1608Metric_Pad1.08x0.95mm_HandSolder,150p,smt,True
93.25,-93.25,-90.0,top,C66,CL10B103KB8NNNC,C_0603_1608Metric_Pad1.08x0.95mm_HandSolder,10n,smt,True
91.25,-93.25,-90.0,top,C67,CL10B472KB8NFNC,C_0603_1608Metric_Pad1.08x0.95mm_HandSolder,4.7n,smt,True
89.25,-93.25,-90.0,top,C68,CL10B102KB8NNNC,C_0603_1608Metric_Pad1.08x0.95mm_HandSolder,1n,smt,True
137.25,-92.0,-90.0,top,C69,25SVPF330M,CP_Elec_10x12.6,330u,smt,True
180.0,-129.0,90.0,bottom,C7,CL21A475KLCLQNC,C_0805_2012Metric_Pad1.18x1.45mm_HandSolder,4.7u,smt,True
148.25,-92.0,-90.0,top,C70,25SVPF330M,CP_Elec_10x12.6,330u,smt,True
112.5,-84.5,180.0,bottom,C71,CL32B226KAJNNNE,C_1210_3225Metric_Pad1.33x2.70mm_HandSolder,22u,smt,True
112.5,-81.0,180.0,bottom,C72,CL32B226KAJNNNE,C_1210_3225Metric_Pad1.33x2.70mm_HandSolder,22u,smt,True
112.5,-77.5,180.0,bottom,C73,CL32B226KAJNNNE,C_1210_3225Metric_Pad1.33x2.70mm_HandSolder,22u,smt,True
112.5,-74.0,180.0,bottom,C74,CL32B226KAJNNNE,C_1210_3225Metric_Pad1.33x2.70mm_HandSolder,22u,smt,True
112.5,-70.5,180.0,bottom,C75,CL32B226KAJNNNE,C_1210_3225Metric_Pad1.33x2.70mm_HandSolder,22u,smt,True
121.5,-70.5,0.0,bottom,C76,CL32B226KAJNNNE,C_1210_3225Metric_Pad1.33x2.70mm_HandSolder,22u,smt,True
102.25,-83.5,-90.0,top,C77,CL10B104KB8NNWC,C_0603_1608Metric_Pad1.08x0.95mm_HandSolder,100n,smt,True
121.5,-74.0,0.0,bottom,C78,CL32B226KAJNNNE,C_1210_3225Metric_Pad1.33x2.70mm_HandSolder,22u,smt,True
104.0,-83.5,-90.0,top,C79,CL10B103KB8NNNC,C_0603_1608Metric_Pad1.08x0.95mm_HandSolder,10n,smt,True
186.5,-129.0,90.0,bottom,C8,CL10B104KB8NNWC,C_0603_1608Metric_Pad1.08x0.95mm_HandSolder,100n,smt,True
121.5,-77.5,0.0,bottom,C80,CL32B226KAJNNNE,C_1210_3225Metric_Pad1.33x2.70mm_HandSolder,22u,smt,True
105.75,-83.5,-90.0,top,C81,CL10B472KB8NFNC,C_0603_1608Metric_Pad1.08x0.95mm_HandSolder,4.7n,smt,True
121.5,-81.0,0.0,bottom,C82,CL32B226KAJNNNE,C_1210_3225Metric_Pad1.33x2.70mm_HandSolder,22u,smt,True
107.5,-83.5,-90.0,top,C83,CL10B102KB8NNNC,C_0603_1608Metric_Pad1.08x0.95mm_HandSolder,1n,smt,True
121.5,-84.5,0.0,bottom,C84,CL32B226KAJNNNE,C_1210_3225Metric_Pad1.33x2.70mm_HandSolder,22u,smt,True
117.5,-83.5,-90.0,top,C85,CL21A475KLCLQNC,C_0805_2012Metric_Pad1.18x1.45mm_HandSolder,4.7u,smt,True
94.25,-87.75,0.0,top,C86,CL10B104KB8NNWC,C_0603_1608Metric_Pad1.08x0.95mm_HandSolder,100n,smt,True
112.5,-72.0,180.0,top,C87,CL21A475KLCLQNC,C_0805_2012Metric_Pad1.18x1.45mm_HandSolder,4.7u,smt,True
94.25,-86.0,0.0,top,C88,CL10B103KB8NNNC,C_0603_1608Metric_Pad1.08x0.95mm_HandSolder,10n,smt,True
112.5,-74.0,180.0,top,C89,CL21A475KLCLQNC,C_0805_2012Metric_Pad1.18x1.45mm_HandSolder,4.7u,smt,True
184.5,-129.0,90.0,bottom,C9,CL10B472KB8NFNC,C_0603_1608Metric_Pad1.08x0.95mm_HandSolder,4.7n,smt,True
94.25,-82.5,0.0,top,C90,CL10B472KB8NFNC,C_0603_1608Metric_Pad1.08x0.95mm_HandSolder,4.7n,smt,True
112.5,-76.0,180.0,top,C91,CL21A475KLCLQNC,C_0805_2012Metric_Pad1.18x1.45mm_HandSolder,4.7u,smt,True
94.25,-84.25,0.0,top,C92,CL10B102KB8NNNC,C_0603_1608Metric_Pad1.08x0.95mm_HandSolder,1n,smt,True
112.5,-78.0,180.0,top,C93,CL21A475KLCLQNC,C_0805_2012Metric_Pad1.18x1.45mm_HandSolder,4.7u,smt,True
112.5,-80.0,180.0,top,C94,CL21A475KLCLQNC,C_0805_2012Metric_Pad1.18x1.45mm_HandSolder,4.7u,smt,True
113.5,-83.5,-90.0,top,C95,CL10B104KB8NNWC,C_0603_1608Metric_Pad1.08x0.95mm_HandSolder,100n,smt,True
115.5,-83.5,-90.0,top,C96,CL10B104KB8NNWC,C_0603_1608Metric_Pad1.08x0.95mm_HandSolder,100n,smt,True
137.25,-127.0,-90.0,top,C97,25SVPF330M,CP_Elec_10x12.6,330u,smt,True
148.25,-127.0,-90.0,top,C98,25SVPF330M,CP_Elec_10x12.6,330u,smt,True
112.5,-119.5,180.0,bottom,C99,CL32B226KAJNNNE,C_1210_3225Metric_Pad1.33x2.70mm_HandSolder,22u,smt,True
203.0,-126.5,90.0,top,D1,SMCJ20CA,D_SMC,20V,smt,True
196.5,-119.0,90.0,bottom,D2,MM3Z10VC,D_SOD-323_HandSoldering,10V,smt,True
190.5,-119.0,90.0,bottom,D3,NSR0340HT1G,D_SOD-323_HandSoldering,NSR0340HT1G,smt,True
188.5,-119.0,90.0,bottom,D4,MM3Z10VC,D_SOD-323_HandSoldering,10V,smt,True
203.0,-105.0,180.0,top,D5,NSR0340HT1G,D_SOD-323_HandSoldering,NSR0340HT1G,smt,True
200.5,-97.5,180.0,top,D6,NSR0340HT1G,D_SOD-323_HandSoldering,NSR0340HT1G,smt,True
205.5,-133.0,180.0,top,F1,0685H9250-01,Fuse_1206_3216Metric_Pad1.42x1.75mm_HandSolder,25A,smt,True
83.25,-86.0,90.0,top,F2,0685H9250-01,Fuse_1206_3216Metric_Pad1.42x1.75mm_HandSolder,25A,smt,True
83.25,-107.0,90.0,top,F3,0685H9250-01,Fuse_1206_3216Metric_Pad1.42x1.75mm_HandSolder,25A,smt,True
210.0,-143.25,0.0,top,H1,,MountingHole-3mm_small_annulus,~,tht,False
100.0,-58.75,0.0,top,H10,,MountingHole-3mm_small_annulus,~,tht,False
78.0,-58.75,0.0,top,H11,,MountingHole-3mm_small_annulus,~,tht,False
73.25,-79.0,0.0,top,H12,,MountingHole-3mm_small_annulus,~,tht,False
214.75,-79.0,0.0,top,H13,,MountingHole-3mm_small_annulus,~,tht,False
122.0,-58.75,0.0,top,H14,,MountingHole-3mm_small_annulus,~,tht,False
144.0,-58.75,0.0,top,H15,,MountingHole-3mm_small_annulus,~,tht,False
100.0,-143.25,0.0,top,H16,,MountingHole-3mm_small_annulus,~,tht,False
210.0,-58.75,0.0,top,H17,,MountingHole-3mm_small_annulus,~,tht,False
188.0,-143.25,0.0,top,H18,,MountingHole-3mm_small_annulus,~,tht,False
188.0,-58.75,0.0,top,H19,,MountingHole-3mm_small_annulus,~,tht,False
73.25,-123.0,0.0,top,H2,,MountingHole-3mm_small_annulus,~,tht,False
166.0,-58.75,0.0,top,H20,,MountingHole-3mm_small_annulus,~,tht,False
144.0,-143.25,0.0,top,H3,,MountingHole-3mm_small_annulus,~,tht,False
73.25,-101.0,0.0,top,H4,,MountingHole-3mm_small_annulus,~,tht,False
214.75,-123.0,0.0,top,H5,,MountingHole-3mm_small_annulus,~,tht,False
166.0,-143.25,0.0,top,H6,,MountingHole-3mm_small_annulus,~,tht,False
122.0,-143.25,0.0,top,H7,,MountingHole-3mm_small_annulus,~,tht,False
78.0,-143.25,0.0,top,H8,,MountingHole-3mm_small_annulus,~,tht,False
214.75,-101.0,0.0,top,H9,,MountingHole-3mm_small_annulus,~,tht,False
160.75,-85.125,0.0,top,J1,,PinHeader_1x08_P2.54mm_Vertical,DNP,tht,True
180.25,-90.025,180.0,top,J2,,PinHeader_1x03_P2.54mm_Vertical,DNP,tht,True
180.25,-103.04,180.0,top,J3,,PinHeader_1x03_P2.54mm_Vertical,DNP,tht,True
160.75,-78.025,180.0,top,J4,,PinHeader_1x03_P2.54mm_Vertical,DNP,tht,True
180.25,-78.025,180.0,top,J5,,PinHeader_1x03_P2.54mm_Vertical,DNP,tht,True
233.0,-132.5,0.0,top,J6,6095,Keystone 6095,6095,tht,True
233.0,-113.5,0.0,top,J7,6095,Keystone 6095,6095,tht,True
55.0,-69.5,0.0,top,J8,6095,Keystone 6095,6095,tht,True
55.0,-88.5,0.0,top,J9,6095,Keystone 6095,6095,tht,True
165.0,-130.0,90.0,top,L1,2014VS-251MED,COILCRAFT_2014,257n,smt,True
132.5,-77.5,-90.0,top,L2,2014VS-251MED,COILCRAFT_2014,257n,smt,True
112.0,-76.5,180.0,top,L3,1212VS-90NMED,COILCRAFT_1212,90n,smt,True
96.0,-76.5,180.0,top,L4,1212VS-90NMED,COILCRAFT_1212,90n,smt,True
132.5,-112.5,-90.0,top,L5,2014VS-251MED,COILCRAFT_2014,257n,smt,True
112.0,-111.5,180.0,top,L6,1212VS-90NMED,COILCRAFT_1212,90n,smt,True
96.0,-111.5,180.0,top,L7,1212VS-90NMED,COILCRAFT_1212,90n,smt,True
196.5,-122.55,-90.0,top,Q1,SIRA60DP-T1-GE3,PQFN-8-EP_6x5mm_P1.27mm_Generic,SIRA60DP,smt,True
190.5,-122.5,-90.0,top,Q2,SIRA60DP-T1-GE3,PQFN-8-EP_6x5mm_P1.27mm_Generic,SIRA60DP,smt,True
199.5,-120.0,180.0,bottom,R1,RMCF0603FT4K70,R_0603_1608Metric_Pad0.98x0.95mm_HandSolder,4.7k,smt,True
193.0,-95.0,180.0,bottom,R10,RMCF0603FT750R,R_0603_1608Metric_Pad0.98x0.95mm_HandSolder,750R,smt,True
158.25,-91.0,90.0,bottom,R11,RMCF0603FT4K70,R_0603_1608Metric_Pad0.98x0.95mm_HandSolder,4.7k,smt,True
158.25,-96.25,-90.0,bottom,R12,RMCF0603FT22R0,R_0603_1608Metric_Pad0.98x0.95mm_HandSolder,22R,smt,True
158.25,-101.25,-90.0,bottom,R13,RMCF0603FT22R0,R_0603_1608Metric_Pad0.98x0.95mm_HandSolder,22R,smt,True
129.25,-96.5,0.0,top,R14,RPC0805JT2R20-UP,R_0805_2012Metric_Pad1.20x1.40mm_HandSolder,2.2R,smt,True
125.75,-82.75,180.0,bottom,R15,-,DNP_R_0603_1608Metric_Pad0.98x0.95mm_HandSolder,DNP,smt,True
128.25,-84.5,90.0,bottom,R16,-,DNP_R_0603_1608Metric_Pad0.98x0.95mm_HandSolder,DNP,smt,True
120.75,-83.5,-90.0,top,R17,RPC0805JT2R20-UP,R_0805_2012Metric_Pad1.20x1.40mm_HandSolder,2.2R,smt,True
129.25,-131.5,0.0,top,R18,RPC0805JT2R20-UP,R_0805_2012Metric_Pad1.20x1.40mm_HandSolder,2.2R,smt,True
125.75,-117.75,180.0,bottom,R19,-,DNP_R_0603_1608Metric_Pad0.98x0.95mm_HandSolder,DNP,smt,True
199.5,-118.0,0.0,bottom,R2,RMCF0603FT100K,R_0603_1608Metric_Pad0.98x0.95mm_HandSolder,100k,smt,True
128.25,-119.5,90.0,bottom,R20,-,DNP_R_0603_1608Metric_Pad0.98x0.95mm_HandSolder,DNP,smt,True
120.75,-118.5,-90.0,top,R21,RPC0805JT2R20-UP,R_0805_2012Metric_Pad1.20x1.40mm_HandSolder,2.2R,smt,True
100.25,-83.5,90.0,top,R22,RPC0805JT2R20-UP,R_0805_2012Metric_Pad1.20x1.40mm_HandSolder,2.2R,smt,True
95.25,-90.5,-90.0,top,R23,RPC0805JT2R20-UP,R_0805_2012Metric_Pad1.20x1.40mm_HandSolder,2.2R,smt,True
100.25,-118.5,90.0,top,R24,RPC0805JT2R20-UP,R_0805_2012Metric_Pad1.20x1.40mm_HandSolder,2.2R,smt,True
95.25,-125.5,-90.0,top,R25,RPC0805JT2R20-UP,R_0805_2012Metric_Pad1.20x1.40mm_HandSolder,2.2R,smt,True
84.25,-91.0,0.0,top,R26,VMS-R010-1.0-U,R_2512_6332_CURRENT_SHUNT,10mR 4W,smt,True
168.25,-84.5,180.0,bottom,R27,RN73R2BTTD2201B25,R_1206_3216Metric_Pad1.30x1.75mm_HandSolder,2.2k 0.1%,smt,True
168.25,-90.5,180.0,bottom,R28,RN73R2BTTD2201B25,R_1206_3216Metric_Pad1.30x1.75mm_HandSolder,2.2k 0.1%,smt,True
169.25,-83.5,180.0,top,R29,RN73R1JTTD2200B25,R_0603_1608Metric_Pad0.98x0.95mm_HandSolder,220R 0.1%,smt,True
197.0,-124.5,90.0,bottom,R3,RMCF1210JT1K00,R_1210_3225Metric_Pad1.30x2.65mm_HandSolder,1k 1/2W,smt,True
169.25,-91.5,180.0,top,R30,RN73R1JTTD2200B25,R_0603_1608Metric_Pad0.98x0.95mm_HandSolder,220R 0.1%,smt,True
173.25,-85.0,180.0,bottom,R31,RN73R1JTTD2200B25,R_0603_1608Metric_Pad0.98x0.95mm_HandSolder,220R 0.1%,smt,True
173.25,-90.0,180.0,bottom,R32,RN73R1JTTD2200B25,R_0603_1608Metric_Pad0.98x0.95mm_HandSolder,220R 0.1%,smt,True
175.25,-85.5,90.0,top,R33,RN73R1JTTD75R0B25,R_0603_1608Metric_Pad0.98x0.95mm_HandSolder,75R 0.1%,smt,True
175.25,-89.5,-90.0,top,R34,RN73R1JTTD75R0B25,R_0603_1608Metric_Pad0.98x0.95mm_HandSolder,75R 0.1%,smt,True
169.25,-89.5,0.0,top,R35,RMCF0603FT4K70,R_0603_1608Metric_Pad0.98x0.95mm_HandSolder,4.7k,smt,True
169.25,-85.5,180.0,top,R36,RMCF0603FT4K70,R_0603_1608Metric_Pad0.98x0.95mm_HandSolder,4.7k,smt,True
168.25,-97.5,180.0,bottom,R37,RN73R2BTTD2201B25,R_1206_3216Metric_Pad1.30x1.75mm_HandSolder,2.2k 0.1%,smt,True
168.25,-103.5,180.0,bottom,R38,RN73R2BTTD2201B25,R_1206_3216Metric_Pad1.30x1.75mm_HandSolder,2.2k 0.1%,smt,True
169.75,-96.0,180.0,top,R39,RN73R2BTTD2201B25,R_1206_3216Metric_Pad1.30x1.75mm_HandSolder,2.2k 0.1%,smt,True
193.5,-124.5,90.0,bottom,R4,RMCF1210JT1K00,R_1210_3225Metric_Pad1.30x2.65mm_HandSolder,1k 1/2W,smt,True
169.75,-105.0,180.0,top,R40,RN73R2BTTD2201B25,R_1206_3216Metric_Pad1.30x1.75mm_HandSolder,2.2k 0.1%,smt,True
173.25,-97.5,180.0,bottom,R41,RN73R2BTTD2201B25,R_1206_3216Metric_Pad1.30x1.75mm_HandSolder,2.2k 0.1%,smt,True
173.25,-103.5,180.0,bottom,R42,RN73R2BTTD2201B25,R_1206_3216Metric_Pad1.30x1.75mm_HandSolder,2.2k 0.1%,smt,True
175.25,-98.5,90.0,top,R43,RN73R1JTTD75R0B25,R_0603_1608Metric_Pad0.98x0.95mm_HandSolder,75R 0.1%,smt,True
175.25,-102.5,-90.0,top,R44,RN73R1JTTD75R0B25,R_0603_1608Metric_Pad0.98x0.95mm_HandSolder,75R 0.1%,smt,True
169.25,-102.5,0.0,top,R45,RMCF0603FT4K70,R_0603_1608Metric_Pad0.98x0.95mm_HandSolder,4.7k,smt,True
169.25,-98.5,180.0,top,R46,RMCF0603FT4K70,R_0603_1608Metric_Pad0.98x0.95mm_HandSolder,4.7k,smt,True
156.25,-75.5,90.0,top,R47,RMCF0603FT750R,R_0603_1608Metric_Pad0.98x0.95mm_HandSolder,750R,smt,True
175.75,-75.485,90.0,top,R48,RMCF0603FT750R,R_0603_1608Metric_Pad0.98x0.95mm_HandSolder,750R,smt,True
190.5,-123.0,90.0,bottom,R5,RMCF0603FT100K,R_0603_1608Metric_Pad0.98x0.95mm_HandSolder,100k,smt,True
189.5,-126.0,0.0,bottom,R6,RMCF0603FT22R0,R_0603_1608Metric_Pad0.98x0.95mm_HandSolder,22R,smt,True
164.75,-108.5,180.0,top,R7,CSRN2512FK50L0,R_2512_6332Metric_Pad1.40x3.35mm_HandSolder,50mR,smt,True
153.75,-108.5,180.0,top,R8,CSRN2512FK50L0,R_2512_6332Metric_Pad1.40x3.35mm_HandSolder,50mR,smt,True
204.5,-96.0,90.0,top,R9,CSR1206FKR500,R_1206_3216Metric_Pad1.30x1.75mm_HandSolder,500m,smt,True
177.5,-136.0,90.0,top,TP1,,TestPoint_Pad_D2.0mm,-,tht,False
189.5,-90.5,90.0,top,TP10,,TestPoint_Pad_D2.0mm,-,tht,False
186.0,-92.25,90.0,top,TP11,,TestPoint_Pad_D2.0mm,-,tht,False
189.5,-94.0,90.0,top,TP12,,TestPoint_Pad_D2.0mm,-,tht,False
115.5,-95.0,0.0,top,TP13,,TestPoint_Pad_D2.0mm,-,tht,False
109.5,-95.0,0.0,top,TP14,,TestPoint_Pad_D2.0mm,-,tht,False
115.5,-130.0,0.0,top,TP15,,TestPoint_Pad_D2.0mm,-,tht,False
109.5,-130.0,0.0,top,TP16,,TestPoint_Pad_D2.0mm,-,tht,False
120.0,-72.0,0.0,top,TP17,,TestPoint_Pad_D2.0mm,-,tht,False
104.0,-80.0,0.0,top,TP18,,TestPoint_Pad_D2.0mm,-,tht,False
90.75,-85.5,0.0,top,TP19,,TestPoint_Pad_D2.0mm,-,tht,False
196.5,-129.5,90.0,top,TP2,,TestPoint_Pad_D2.0mm,-,tht,False
97.75,-85.5,0.0,top,TP20,,TestPoint_Pad_D2.0mm,-,tht,False
104.0,-87.0,0.0,top,TP21,,TestPoint_Pad_D2.0mm,-,tht,False
120.0,-69.0,0.0,top,TP22,,TestPoint_Pad_D2.0mm,-,tht,False
120.0,-107.0,0.0,top,TP23,,TestPoint_Pad_D2.0mm,-,tht,False
104.0,-115.0,0.0,top,TP24,,TestPoint_Pad_D2.0mm,-,tht,False
90.75,-120.5,0.0,top,TP25,,TestPoint_Pad_D2.0mm,-,tht,False
97.75,-120.5,0.0,top,TP26,,TestPoint_Pad_D2.0mm,-,tht,False
104.0,-122.0,0.0,top,TP27,,TestPoint_Pad_D2.0mm,-,tht,False
120.0,-104.0,0.0,top,TP28,,TestPoint_Pad_D2.0mm,-,tht,False
169.25,-73.485,0.0,top,TP29,,TestPoint_Pad_D2.0mm,-,tht,False
189.0,-116.5,90.0,top,TP3,,TestPoint_Pad_D2.0mm,-,tht,False
169.25,-77.485,0.0,top,TP30,,TestPoint_Pad_D2.0mm,-,tht,False
165.0,-86.0,0.0,top,TP31,,TestPoint_Pad_D2.0mm,-,tht,False
165.0,-89.0,0.0,top,TP32,,TestPoint_Pad_D2.0mm,-,tht,False
174.25,-130.25,90.0,top,TP4,,TestPoint_Pad_D2.0mm,-,tht,False
164.75,-123.25,90.0,top,TP5,,TestPoint_Pad_D2.0mm,-,tht,False
185.75,-116.5,90.0,top,TP6,,TestPoint_Pad_D2.0mm,-,tht,False
204.5,-91.5,90.0,top,TP7,,TestPoint_Pad_D2.0mm,-,tht,False
207.25,-100.0,90.0,top,TP8,,TestPoint_Pad_D2.0mm,-,tht,False
204.5,-88.0,90.0,top,TP9,,TestPoint_Pad_D2.0mm,-,tht,False
195.625,-105.0,180.0,top,U1,MC7805CD2TR4G,TO-263-2,MC7805CD2TR4G,smt,True
193.0,-92.0,90.0,top,U2,MCP1501T-20E/CHY,SOT-23-6,MCP1501T-20E/CHY,smt,True
199.0,-92.0,90.0,top,U3,SPX1117M3-L-3-3/TR,SOT-223-3_TabPin2,SPX1117M3-L-3-3/TR,smt,True
126.5,-89.5,-90.0,top,U4,CSD95372AQ5M,LSON-12-1EP_5x6mm,CSD95372AQ5M,smt,True
126.5,-124.5,-90.0,top,U5,CSD95372AQ5M,LSON-12-1EP_5x6mm,CSD95372AQ5M,smt,True
172.75,-87.5,90.0,top,U6,LTC6362CMS8#TRPBF,MSOP-8_3x3mm_P0.65mm,LTC6362,smt,True
172.75,-100.5,90.0,top,U7,LTC6362CMS8#TRPBF,MSOP-8_3x3mm_P0.65mm,LTC6362,smt,True
153.25,-75.5,90.0,top,U8,INA241A4IDDFR,SOT-23-8_Handsoldering,INA241A4,smt,True
172.75,-75.485,90.0,top,U9,INA241A1IDDFR,SOT-23-8_Handsoldering,INA241A1,smt,True
157.829,-90.19,0.0,top,kibuzzard-6525E0C3,,kibuzzard-6525E0C3,G***,tht,False
156.178,-85.11,0.0,top,kibuzzard-6525E106,,kibuzzard-6525E106,G***,tht,False
157.194,-87.65,0.0,top,kibuzzard-6525E114,,kibuzzard-6525E114,G***,tht,False
156.686,-92.73,0.0,top,kibuzzard-6525E122,,kibuzzard-6525E122,G***,tht,False
156.432,-95.27,0.0,top,kibuzzard-6525E130,,kibuzzard-6525E130,G***,tht,False
157.194,-97.81,0.0,top,kibuzzard-6525E138,,kibuzzard-6525E138,G***,tht,False
156.559,-100.35,0.0,top,kibuzzard-6525E140,,kibuzzard-6525E140,G***,tht,False
157.194,-102.89,0.0,top,kibuzzard-6525E147,,kibuzzard-6525E147,G***,tht,False
163.29,-78.04,0.0,top,kibuzzard-6525E19B,,kibuzzard-6525E19B,G***,tht,False
164.814,-75.5,0.0,top,kibuzzard-6525E1AD,,kibuzzard-6525E1AD,G***,tht,False
164.306,-72.96,0.0,top,kibuzzard-6525E1B5,,kibuzzard-6525E1B5,G***,tht,False
182.663,-78.04,0.0,top,kibuzzard-6525E1C4,,kibuzzard-6525E1C4,G***,tht,False
184.314,-75.5,0.0,top,kibuzzard-6525E1D0,,kibuzzard-6525E1D0,G***,tht,False
183.806,-72.96,0.0,top,kibuzzard-6525E1DB,,kibuzzard-6525E1DB,G***,tht,False
183.806,-87.5,0.0,top,kibuzzard-6525E1FF,,kibuzzard-6525E1FF,G***,tht,False
183.552,-90.04,0.0,top,kibuzzard-6525E213,,kibuzzard-6525E213,G***,tht,False
183.552,-84.96,0.0,top,kibuzzard-6525E21C,,kibuzzard-6525E21C,G***,tht,False
183.552,-103.055,0.0,top,kibuzzard-6525E231,,kibuzzard-6525E231,G***,tht,False
183.806,-100.515,0.0,top,kibuzzard-6525E23B,,kibuzzard-6525E23B,G***,tht,False
183.552,-97.975,0.0,top,kibuzzard-6525E244,,kibuzzard-6525E244,G***,tht,False
223.5,-132.5,90.0,top,kibuzzard-6525E2FE,,kibuzzard-6525E2FE,G***,tht,False
223.5,-113.5,90.0,top,kibuzzard-6525E307,,kibuzzard-6525E307,G***,tht,False
64.5,-87.5,-90.0,top,kibuzzard-6525E33F,,kibuzzard-6525E33F,G***,tht,False
64.5,-69.5,-90.0,top,kibuzzard-6525E349,,kibuzzard-6525E349,G***,tht,False
196.5,-67.5,0.0,top,kibuzzard-6525E3DB,,kibuzzard-6525E3DB,G***,tht,False
199.391759,-71.427529,0.0,top,kibuzzard-6525E43B,,kibuzzard-6525E43B,G***,tht,False
94.0,-134.5,0.0,top,kibuzzard-6525E518,,kibuzzard-6525E518,G***,tht,False
