﻿designator,quantity,value,pack,mpn,mount_type
"C1, C101, C11, C111, C114, C2, C3, C32, C34, C35, C46, C48, C49, C5, C59, C60, C65, C66, C77, C78, C83, C84, C87, C88, C89, C90, C91, C92",28,100n,C_0603_1608Metric_Pad1.08x0.95mm_HandSolder,CL10B104KB8NNWC,smt
"C10, C15, C17, C19, C20, C29, C43, C58, C76, C9",10,4.7u,C_0805_2012Metric_Pad1.18x1.45mm_HandSolder,CL21A475KLCLQNC,smt
"C100, C103, C107, C108, C109, C110, C112, C113, C115, C93, C94, C98, C99",13,1n,C_0603_1608Metric_Pad1.08x0.95mm_HandSolder,GCM1885C2A102FA16D,smt
"C102, C36, C50",3,150p,C_0603_1608Metric_Pad1.08x0.95mm_HandSolder,GCM1885C2A151JA16D,smt
"C104, C105",2,33p,C_0603_1608Metric_Pad1.08x0.95mm_HandSolder,GCM1885C2A330JA16D,smt
"C106, C16, C30, C33, C44, C47, C63, C64, C81, C82, C97",11,1u,C_0805_2012Metric_Pad1.18x1.45mm_HandSolder,CL21B105KBFNNNG,smt
"C12, C22, C31, C45, C61, C62, C67, C68, C79, C80, C85, C86",12,4.7n,C_0402_1005Metric_Pad0.74x0.62mm_HandSolder,CL05B472KB5NNN,smt
"C13, C14, C6",3,330u,CP_Elec_10x12.6,875075661010,smt
"C18, C21, C23, C24, C25, C26, C27, C28, C37, C38, C39, C4, C40, C41, C42, C53, C54, C55, C56, C57, C7, C71, C72, C73, C74, C75, C8",27,22u,C_1210_3225Metric_Pad1.33x2.70mm_HandSolder,CL32B226KAJNNNE,smt
"C51, C52, C69, C70",4,220u,CP_Elec_10x12.5,875075561008,smt
"C95, C96",2,470p,C_0603_1608Metric_Pad1.08x0.95mm_HandSolder,GCM1885C2A471FA16D,smt
D1,1,RGB,LED_RGB_5050-6-WURTH,150505M173300,smt
D2,1,20V,D_SMC,SMCJ20CA,smt
"D3, D5",2,10V,D_SOD-323_HandSoldering,MM3Z10VC,smt
"D4, D6, D7",3,NSR0340HT1G,D_SOD-323_HandSoldering,DSS16U,smt
F1,1,25A,Fuse_1206_3216Metric_Pad1.42x1.75mm_HandSolder,0685H9250-01,smt
F2,1,12A,Fuse_1206_3216Metric_Pad1.42x1.75mm_HandSolder,0685H9120-01,smt
"J1, J2",2,DNP,PinHeader_1x08_P2.54mm_Vertical,,tht
J10,1,2604-3104,Wago_2604-3104,2604-3104,tht
"J11, J12, J7, J8",4,6095,Keystone 6095,6095,tht
"J3, J4, J5, J6",4,DNP,PinHeader_1x03_P2.54mm_Vertical,,tht
J9,1,DNP,PinHeader_1x04_P2.54mm_Vertical,,tht
"L1, L2, L3, L6, L7",5,257n,COILCRAFT_2014,2014VS-251MED,smt
"L4, L8",2,90n,COILCRAFT_1212,2014VS-251MED,smt
"L5, L9",2,22n,WURTH_3168,744914122,smt
"Q1, Q2",2,SIRA60DP,PQFN-8-EP_6x5mm_P1.27mm_Generic,SIRA60DP-T1-GE3,smt
"R1, R13, R2, R3, R58, R59",6,750R,R_0603_1608Metric_Pad0.98x0.95mm_HandSolder,RMCF0603FT750R,smt
"R10, R11",2,50mR,R_2512_6332Metric_Pad1.40x3.35mm_HandSolder,CSRN2512FK50L0,smt
R12,1,500m,R_1206_3216Metric_Pad1.30x1.75mm_HandSolder,CSR1206FKR500,smt
"R14, R27, R31, R33, R35, R4, R46, R47, R56, R57",10,4.7k,R_0603_1608Metric_Pad0.98x0.95mm_HandSolder,RMCF0603FT4K70,smt
"R15, R16, R9",3,22R,R_0603_1608Metric_Pad0.98x0.95mm_HandSolder,RMCF0603FT22R0,smt
"R17, R20, R21, R24",4,2.2R,R_0805_2012Metric_Pad1.20x1.40mm_HandSolder,RMCF0603FT100K,smt
"R18, R19, R22, R23",4,DNP,DNP_R_0603_1608Metric_Pad0.98x0.95mm_HandSolder,-,smt
"R25, R26",2,120m,R_1206_3216Metric_Pad1.30x1.75mm_HandSolder,MFHA1206R1200FC,smt
"R28, R32, R34, R36",4,10k NTC,R_0603_1608Metric_Pad0.98x0.95mm_HandSolder,B57330V2103F260,smt
"R29, R38, R39, R48, R49, R50, R51, R52, R53",9,2.2k 0.1%,R_1206_3216Metric_Pad1.30x1.75mm_HandSolder,RN73R2BTTD2201B25,smt
"R30, R40, R41, R42, R43",5,220R 0.1%,R_0603_1608Metric_Pad0.98x0.95mm_HandSolder,RN73R1JTTD2200B25,smt
R37,1,10mR 4W,R_2512_6332_CURRENT_SHUNT,VMS-R010-1.0-U,smt
"R44, R45, R54, R55",4,75R 0.1%,R_0603_1608Metric_Pad0.98x0.95mm_HandSolder,RN73R1JTTD75R0B25,smt
"R5, R8",2,100k,R_0603_1608Metric_Pad0.98x0.95mm_HandSolder,RMCF0603FT100K,smt
"R6, R7",2,1k 1/2W,R_1210_3225Metric_Pad1.30x2.65mm_HandSolder,RMCF1210JT1K00,smt
"TP1, TP10, TP11, TP12, TP13, TP14, TP15, TP16, TP17, TP18, TP19, TP2, TP20, TP21, TP22, TP23, TP24, TP25, TP26, TP27, TP28, TP29, TP3, TP4, TP5, TP6, TP7, TP8, TP9",29,-,TestPoint_Pad_D2.0mm,,tht
U1,1,MC7805ACTG,TO-220-3_Horizontal_TabDown,MC7805ACTG,tht
U2,1,MCP1501T-20E/CHY,SOT-23-6,MCP1501T-20E/CHY,smt
U3,1,SPX1117M3-L-3-3/TR,SOT-223-3_TabPin2,SPX1117M3-L-3-3/TR,smt
"U4, U5",2,CSD95372AQ5M,LSON-12-1EP_5x6mm,CSD95372AQ5M,smt
"U6, U7",2,LTC6362,MSOP-8_3x3mm_P0.65mm,LTC6362CMS8#TRPBF,smt
U8,1,INA241A4,SOT-23-8_Handsoldering,INA241A4IDDFR,smt
U9,1,INA241A1,SOT-23-8_Handsoldering,INA241A1IDDFR,smt
kibuzzard-64CF1C96,1,G***,kibuzzard-64CF1C96,,tht
kibuzzard-64CF1CEA,1,G***,kibuzzard-64CF1CEA,,tht
kibuzzard-64CF1E0D,1,G***,kibuzzard-64CF1E0D,,tht
kibuzzard-64CF1E1A,1,G***,kibuzzard-64CF1E1A,,tht
kibuzzard-64CF1E29,1,G***,kibuzzard-64CF1E29,,tht
kibuzzard-64CF1E34,1,G***,kibuzzard-64CF1E34,,tht
kibuzzard-64CF1E3D,1,G***,kibuzzard-64CF1E3D,,tht
kibuzzard-64CF1E44,1,G***,kibuzzard-64CF1E44,,tht
kibuzzard-64CF1E82,1,G***,kibuzzard-64CF1E82,,tht
kibuzzard-64CF1E8F,1,G***,kibuzzard-64CF1E8F,,tht
kibuzzard-64CF1EB5,1,G***,kibuzzard-64CF1EB5,,tht
kibuzzard-64CF1EC8,1,G***,kibuzzard-64CF1EC8,,tht
kibuzzard-64CF1ED1,1,G***,kibuzzard-64CF1ED1,,tht
kibuzzard-64CF1EE4,1,G***,kibuzzard-64CF1EE4,,tht
kibuzzard-64CF1F01,1,G***,kibuzzard-64CF1F01,,tht
kibuzzard-64CF1F11,1,G***,kibuzzard-64CF1F11,,tht
kibuzzard-64CF1F4F,1,G***,kibuzzard-64CF1F4F,,tht
kibuzzard-64CF1F61,1,G***,kibuzzard-64CF1F61,,tht
kibuzzard-64CF1F69,1,G***,kibuzzard-64CF1F69,,tht
kibuzzard-64CF1F6F,1,G***,kibuzzard-64CF1F6F,,tht
kibuzzard-64CF1F79,1,G***,kibuzzard-64CF1F79,,tht
kibuzzard-64CF1FA1,1,G***,kibuzzard-64CF1FA1,,tht
kibuzzard-64CF1FAA,1,G***,kibuzzard-64CF1FAA,,tht
kibuzzard-64CF1FB5,1,G***,kibuzzard-64CF1FB5,,tht
kibuzzard-64CF222A,1,G***,kibuzzard-64CF222A,,tht
kibuzzard-64CF223D,1,G***,kibuzzard-64CF223D,,tht
kibuzzard-64CF2245,1,G***,kibuzzard-64CF2245,,tht
kibuzzard-64CF22CA,1,G***,kibuzzard-64CF22CA,,tht
kibuzzard-64CF22E7,1,G***,kibuzzard-64CF22E7,,tht
kibuzzard-64CF2417,1,G***,kibuzzard-64CF2417,,tht
kibuzzard-64CF2468,1,G***,kibuzzard-64CF2468,,tht
kibuzzard-64CF24C8,1,G***,kibuzzard-64CF24C8,,tht
kibuzzard-64CF24F4,1,G***,kibuzzard-64CF24F4,,tht
kibuzzard-64CFD6AE,1,G***,kibuzzard-64CFD6AE,,tht
kibuzzard-64CFD733,1,G***,kibuzzard-64CFD733,,tht
kibuzzard-64CFD751,1,G***,kibuzzard-64CFD751,,tht
kibuzzard-64CFDF40,1,G***,kibuzzard-64CFDF40,,tht
kibuzzard-64CFDF65,1,G***,kibuzzard-64CFDF65,,tht
kibuzzard-64CFDFD1,1,G***,kibuzzard-64CFDFD1,,tht
