﻿pos_x,pos_y,rotation,side,designator,mpn,pack,value,mount_type,place
234.5,-135.29,90.0,top,C1,CL10B104KB8NNWC,C_0603_1608Metric_Pad1.08x0.95mm_HandSolder,100n,smt,True
204.5,-69.0,90.0,top,C10,CL21A475KLCLQNC,C_0805_2012Metric_Pad1.18x1.45mm_HandSolder,4.7u,smt,True
203.25,-125.5,180.0,top,C100,GCM1885C2A102FA16D,C_0603_1608Metric_Pad1.08x0.95mm_HandSolder,1n,smt,True
202.5,-140.0,90.0,top,C101,CL10B104KB8NNWC,C_0603_1608Metric_Pad1.08x0.95mm_HandSolder,100n,smt,True
190.5,-140.0,-90.0,top,C102,GCM1885C2A151JA16D,C_0603_1608Metric_Pad1.08x0.95mm_HandSolder,150p,smt,True
200.75,-140.0,90.0,top,C103,GCM1885C2A102FA16D,C_0603_1608Metric_Pad1.08x0.95mm_HandSolder,1n,smt,True
198.25,-136.0,0.0,top,C104,GCM1885C2A330JA16D,C_0603_1608Metric_Pad1.08x0.95mm_HandSolder,33p,smt,True
198.25,-144.0,0.0,top,C105,GCM1885C2A330JA16D,C_0603_1608Metric_Pad1.08x0.95mm_HandSolder,33p,smt,True
195.25,-140.0,90.0,top,C106,CL21B105KBFNNNG,C_0805_2012Metric_Pad1.18x1.45mm_HandSolder,1u,smt,True
204.25,-140.0,-90.0,top,C107,GCM1885C2A102FA16D,C_0603_1608Metric_Pad1.08x0.95mm_HandSolder,1n,smt,True
203.25,-142.5,180.0,top,C108,GCM1885C2A102FA16D,C_0603_1608Metric_Pad1.08x0.95mm_HandSolder,1n,smt,True
203.25,-137.5,180.0,top,C109,GCM1885C2A102FA16D,C_0603_1608Metric_Pad1.08x0.95mm_HandSolder,1n,smt,True
208.5,-68.75,90.0,top,C11,CL10B104KB8NNWC,C_0603_1608Metric_Pad1.08x0.95mm_HandSolder,100n,smt,True
217.5,-131.25,180.0,top,C110,GCM1885C2A102FA16D,C_0603_1608Metric_Pad1.08x0.95mm_HandSolder,1n,smt,True
217.5,-124.75,180.0,top,C111,CL10B104KB8NNWC,C_0603_1608Metric_Pad1.08x0.95mm_HandSolder,100n,smt,True
220.25,-141.75,-90.0,top,C112,GCM1885C2A102FA16D,C_0603_1608Metric_Pad1.08x0.95mm_HandSolder,1n,smt,True
217.5,-143.25,180.0,top,C113,GCM1885C2A102FA16D,C_0603_1608Metric_Pad1.08x0.95mm_HandSolder,1n,smt,True
217.5,-136.75,180.0,top,C114,CL10B104KB8NNWC,C_0603_1608Metric_Pad1.08x0.95mm_HandSolder,100n,smt,True
220.25,-129.75,-90.0,top,C115,GCM1885C2A102FA16D,C_0603_1608Metric_Pad1.08x0.95mm_HandSolder,1n,smt,True
210.0,-68.75,90.0,top,C12,CL05B472KB5NNN,C_0402_1005Metric_Pad0.74x0.62mm_HandSolder,4.7n,smt,True
191.5,-88.5,180.0,top,C13,875075661010,CP_Elec_10x12.6,330u,smt,True
191.5,-99.75,180.0,top,C14,875075661010,CP_Elec_10x12.6,330u,smt,True
221.8,-77.6,0.0,top,C15,CL21A475KLCLQNC,C_0805_2012Metric_Pad1.18x1.45mm_HandSolder,4.7u,smt,True
242.75,-92.75,90.0,top,C16,CL21B105KBFNNNG,C_0805_2012Metric_Pad1.18x1.45mm_HandSolder,1u,smt,True
221.8,-87.4,0.0,top,C17,CL21A475KLCLQNC,C_0805_2012Metric_Pad1.18x1.45mm_HandSolder,4.7u,smt,True
226.75,-92.25,-90.0,top,C18,CL32B226KAJNNNE,C_1210_3225Metric_Pad1.33x2.70mm_HandSolder,22u,smt,True
224.0,-92.75,-90.0,top,C19,CL21A475KLCLQNC,C_0805_2012Metric_Pad1.18x1.45mm_HandSolder,4.7u,smt,True
234.5,-138.79,90.0,top,C2,CL10B104KB8NNWC,C_0603_1608Metric_Pad1.08x0.95mm_HandSolder,100n,smt,True
240.5,-92.75,90.0,top,C20,CL21A475KLCLQNC,C_0805_2012Metric_Pad1.18x1.45mm_HandSolder,4.7u,smt,True
237.75,-92.25,90.0,top,C21,CL32B226KAJNNNE,C_1210_3225Metric_Pad1.33x2.70mm_HandSolder,22u,smt,True
220.0,-106.8,-90.0,top,C22,CL05B472KB5NNN,C_0402_1005Metric_Pad0.74x0.62mm_HandSolder,4.7n,smt,True
114.5,-134.5,0.0,top,C23,CL32B226KAJNNNE,C_1210_3225Metric_Pad1.33x2.70mm_HandSolder,22u,smt,True
114.5,-138.0,0.0,top,C24,CL32B226KAJNNNE,C_1210_3225Metric_Pad1.33x2.70mm_HandSolder,22u,smt,True
114.5,-141.5,0.0,top,C25,CL32B226KAJNNNE,C_1210_3225Metric_Pad1.33x2.70mm_HandSolder,22u,smt,True
105.5,-141.5,180.0,top,C26,CL32B226KAJNNNE,C_1210_3225Metric_Pad1.33x2.70mm_HandSolder,22u,smt,True
105.5,-138.0,180.0,top,C27,CL32B226KAJNNNE,C_1210_3225Metric_Pad1.33x2.70mm_HandSolder,22u,smt,True
105.5,-134.5,180.0,top,C28,CL32B226KAJNNNE,C_1210_3225Metric_Pad1.33x2.70mm_HandSolder,22u,smt,True
106.0,-131.75,180.0,top,C29,CL21A475KLCLQNC,C_0805_2012Metric_Pad1.18x1.45mm_HandSolder,4.7u,smt,True
234.5,-142.29,90.0,top,C3,CL10B104KB8NNWC,C_0603_1608Metric_Pad1.08x0.95mm_HandSolder,100n,smt,True
106.0,-129.5,180.0,top,C30,CL21B105KBFNNNG,C_0805_2012Metric_Pad1.18x1.45mm_HandSolder,1u,smt,True
107.25,-126.75,90.0,top,C31,CL05B472KB5NNN,C_0402_1005Metric_Pad0.74x0.62mm_HandSolder,4.7n,smt,True
106.0,-126.75,-90.0,top,C32,CL10B104KB8NNWC,C_0603_1608Metric_Pad1.08x0.95mm_HandSolder,100n,smt,True
116.0,-130.75,-90.0,top,C33,CL21B105KBFNNNG,C_0805_2012Metric_Pad1.18x1.45mm_HandSolder,1u,smt,True
116.0,-127.0,-90.0,top,C34,CL10B104KB8NNWC,C_0603_1608Metric_Pad1.08x0.95mm_HandSolder,100n,smt,True
113.0,-130.0,0.0,top,C35,CL10B104KB8NNWC,C_0603_1608Metric_Pad1.08x0.95mm_HandSolder,100n,smt,True
106.75,-118.5,-90.0,top,C36,GCM1885C2A151JA16D,C_0603_1608Metric_Pad1.08x0.95mm_HandSolder,150p,smt,True
179.75,-134.5,0.0,top,C37,CL32B226KAJNNNE,C_1210_3225Metric_Pad1.33x2.70mm_HandSolder,22u,smt,True
179.75,-138.0,0.0,top,C38,CL32B226KAJNNNE,C_1210_3225Metric_Pad1.33x2.70mm_HandSolder,22u,smt,True
179.75,-141.5,0.0,top,C39,CL32B226KAJNNNE,C_1210_3225Metric_Pad1.33x2.70mm_HandSolder,22u,smt,True
201.5,-55.25,90.0,top,C4,CL32B226KAJNNNE,C_1210_3225Metric_Pad1.33x2.70mm_HandSolder,22u,smt,True
170.75,-141.5,180.0,top,C40,CL32B226KAJNNNE,C_1210_3225Metric_Pad1.33x2.70mm_HandSolder,22u,smt,True
170.75,-138.0,180.0,top,C41,CL32B226KAJNNNE,C_1210_3225Metric_Pad1.33x2.70mm_HandSolder,22u,smt,True
170.75,-134.5,180.0,top,C42,CL32B226KAJNNNE,C_1210_3225Metric_Pad1.33x2.70mm_HandSolder,22u,smt,True
171.25,-131.75,180.0,top,C43,CL21A475KLCLQNC,C_0805_2012Metric_Pad1.18x1.45mm_HandSolder,4.7u,smt,True
171.25,-129.5,180.0,top,C44,CL21B105KBFNNNG,C_0805_2012Metric_Pad1.18x1.45mm_HandSolder,1u,smt,True
172.5,-126.75,90.0,top,C45,CL05B472KB5NNN,C_0402_1005Metric_Pad0.74x0.62mm_HandSolder,4.7n,smt,True
171.25,-126.75,-90.0,top,C46,CL10B104KB8NNWC,C_0603_1608Metric_Pad1.08x0.95mm_HandSolder,100n,smt,True
181.25,-130.75,-90.0,top,C47,CL21B105KBFNNNG,C_0805_2012Metric_Pad1.18x1.45mm_HandSolder,1u,smt,True
181.25,-126.75,-90.0,top,C48,CL10B104KB8NNWC,C_0603_1608Metric_Pad1.08x0.95mm_HandSolder,100n,smt,True
178.25,-130.0,0.0,top,C49,CL10B104KB8NNWC,C_0603_1608Metric_Pad1.08x0.95mm_HandSolder,100n,smt,True
201.5,-60.0,180.0,top,C5,CL10B104KB8NNWC,C_0603_1608Metric_Pad1.08x0.95mm_HandSolder,100n,smt,True
172.0,-118.5,-90.0,top,C50,GCM1885C2A151JA16D,C_0603_1608Metric_Pad1.08x0.95mm_HandSolder,150p,smt,True
83.75,-132.0,-90.0,top,C51,875075561008,CP_Elec_10x12.5,220u,smt,True
72.5,-132.0,-90.0,top,C52,875075561008,CP_Elec_10x12.5,220u,smt,True
101.0,-123.0,-90.0,top,C53,CL32B226KAJNNNE,C_1210_3225Metric_Pad1.33x2.70mm_HandSolder,22u,smt,True
97.75,-123.0,-90.0,top,C54,CL32B226KAJNNNE,C_1210_3225Metric_Pad1.33x2.70mm_HandSolder,22u,smt,True
94.5,-123.0,-90.0,top,C55,CL32B226KAJNNNE,C_1210_3225Metric_Pad1.33x2.70mm_HandSolder,22u,smt,True
92.0,-127.25,0.0,top,C56,CL32B226KAJNNNE,C_1210_3225Metric_Pad1.33x2.70mm_HandSolder,22u,smt,True
92.0,-130.5,0.0,top,C57,CL32B226KAJNNNE,C_1210_3225Metric_Pad1.33x2.70mm_HandSolder,22u,smt,True
66.25,-125.5,180.0,top,C58,CL21A475KLCLQNC,C_0805_2012Metric_Pad1.18x1.45mm_HandSolder,4.7u,smt,True
103.5,-122.25,-90.0,top,C59,CL10B104KB8NNWC,C_0603_1608Metric_Pad1.08x0.95mm_HandSolder,100n,smt,True
191.5,-77.25,180.0,top,C6,875075661010,CP_Elec_10x12.6,330u,smt,True
66.5,-123.5,180.0,top,C60,CL10B104KB8NNWC,C_0603_1608Metric_Pad1.08x0.95mm_HandSolder,100n,smt,True
105.0,-122.25,-90.0,top,C61,CL05B472KB5NNN,C_0402_1005Metric_Pad0.74x0.62mm_HandSolder,4.7n,smt,True
67.0,-122.0,180.0,top,C62,CL05B472KB5NNN,C_0402_1005Metric_Pad0.74x0.62mm_HandSolder,4.7n,smt,True
66.25,-112.0,180.0,top,C63,CL21B105KBFNNNG,C_0805_2012Metric_Pad1.18x1.45mm_HandSolder,1u,smt,True
66.25,-114.25,180.0,top,C64,CL21B105KBFNNNG,C_0805_2012Metric_Pad1.18x1.45mm_HandSolder,1u,smt,True
66.5,-118.0,180.0,top,C65,CL10B104KB8NNWC,C_0603_1608Metric_Pad1.08x0.95mm_HandSolder,100n,smt,True
66.5,-116.25,180.0,top,C66,CL10B104KB8NNWC,C_0603_1608Metric_Pad1.08x0.95mm_HandSolder,100n,smt,True
67.0,-120.75,180.0,top,C67,CL05B472KB5NNN,C_0402_1005Metric_Pad0.74x0.62mm_HandSolder,4.7n,smt,True
67.0,-119.5,180.0,top,C68,CL05B472KB5NNN,C_0402_1005Metric_Pad0.74x0.62mm_HandSolder,4.7n,smt,True
149.0,-132.0,-90.0,top,C69,875075561008,CP_Elec_10x12.5,220u,smt,True
201.75,-69.5,90.0,top,C7,CL32B226KAJNNNE,C_1210_3225Metric_Pad1.33x2.70mm_HandSolder,22u,smt,True
137.75,-132.0,-90.0,top,C70,875075561008,CP_Elec_10x12.5,220u,smt,True
166.25,-123.0,-90.0,top,C71,CL32B226KAJNNNE,C_1210_3225Metric_Pad1.33x2.70mm_HandSolder,22u,smt,True
163.0,-123.0,-90.0,top,C72,CL32B226KAJNNNE,C_1210_3225Metric_Pad1.33x2.70mm_HandSolder,22u,smt,True
159.75,-123.0,-90.0,top,C73,CL32B226KAJNNNE,C_1210_3225Metric_Pad1.33x2.70mm_HandSolder,22u,smt,True
157.25,-127.25,0.0,top,C74,CL32B226KAJNNNE,C_1210_3225Metric_Pad1.33x2.70mm_HandSolder,22u,smt,True
157.25,-130.5,0.0,top,C75,CL32B226KAJNNNE,C_1210_3225Metric_Pad1.33x2.70mm_HandSolder,22u,smt,True
131.5,-125.5,180.0,top,C76,CL21A475KLCLQNC,C_0805_2012Metric_Pad1.18x1.45mm_HandSolder,4.7u,smt,True
168.75,-122.25,-90.0,top,C77,CL10B104KB8NNWC,C_0603_1608Metric_Pad1.08x0.95mm_HandSolder,100n,smt,True
131.75,-123.5,180.0,top,C78,CL10B104KB8NNWC,C_0603_1608Metric_Pad1.08x0.95mm_HandSolder,100n,smt,True
170.25,-122.25,-90.0,top,C79,CL05B472KB5NNN,C_0402_1005Metric_Pad0.74x0.62mm_HandSolder,4.7n,smt,True
198.25,-69.5,90.0,top,C8,CL32B226KAJNNNE,C_1210_3225Metric_Pad1.33x2.70mm_HandSolder,22u,smt,True
132.25,-122.0,180.0,top,C80,CL05B472KB5NNN,C_0402_1005Metric_Pad0.74x0.62mm_HandSolder,4.7n,smt,True
131.5,-112.0,180.0,top,C81,CL21B105KBFNNNG,C_0805_2012Metric_Pad1.18x1.45mm_HandSolder,1u,smt,True
131.5,-114.25,180.0,top,C82,CL21B105KBFNNNG,C_0805_2012Metric_Pad1.18x1.45mm_HandSolder,1u,smt,True
131.75,-118.0,180.0,top,C83,CL10B104KB8NNWC,C_0603_1608Metric_Pad1.08x0.95mm_HandSolder,100n,smt,True
131.75,-116.25,180.0,top,C84,CL10B104KB8NNWC,C_0603_1608Metric_Pad1.08x0.95mm_HandSolder,100n,smt,True
132.25,-120.75,180.0,top,C85,CL05B472KB5NNN,C_0402_1005Metric_Pad0.74x0.62mm_HandSolder,4.7n,smt,True
132.25,-119.5,180.0,top,C86,CL05B472KB5NNN,C_0402_1005Metric_Pad0.74x0.62mm_HandSolder,4.7n,smt,True
236.25,-108.25,90.0,top,C87,CL10B104KB8NNWC,C_0603_1608Metric_Pad1.08x0.95mm_HandSolder,100n,smt,True
236.25,-104.75,90.0,top,C88,CL10B104KB8NNWC,C_0603_1608Metric_Pad1.08x0.95mm_HandSolder,100n,smt,True
236.25,-118.75,90.0,top,C89,CL10B104KB8NNWC,C_0603_1608Metric_Pad1.08x0.95mm_HandSolder,100n,smt,True
206.75,-69.0,90.0,top,C9,CL21A475KLCLQNC,C_0805_2012Metric_Pad1.18x1.45mm_HandSolder,4.7u,smt,True
236.25,-115.25,90.0,top,C90,CL10B104KB8NNWC,C_0603_1608Metric_Pad1.08x0.95mm_HandSolder,100n,smt,True
236.25,-111.75,90.0,top,C91,CL10B104KB8NNWC,C_0603_1608Metric_Pad1.08x0.95mm_HandSolder,100n,smt,True
202.5,-128.0,90.0,top,C92,CL10B104KB8NNWC,C_0603_1608Metric_Pad1.08x0.95mm_HandSolder,100n,smt,True
190.5,-128.0,-90.0,top,C93,GCM1885C2A102FA16D,C_0603_1608Metric_Pad1.08x0.95mm_HandSolder,1n,smt,True
200.75,-128.0,90.0,top,C94,GCM1885C2A102FA16D,C_0603_1608Metric_Pad1.08x0.95mm_HandSolder,1n,smt,True
198.25,-123.75,0.0,top,C95,GCM1885C2A471FA16D,C_0603_1608Metric_Pad1.08x0.95mm_HandSolder,470p,smt,True
198.25,-132.25,0.0,top,C96,GCM1885C2A471FA16D,C_0603_1608Metric_Pad1.08x0.95mm_HandSolder,470p,smt,True
195.25,-128.0,90.0,top,C97,CL21B105KBFNNNG,C_0805_2012Metric_Pad1.18x1.45mm_HandSolder,1u,smt,True
204.25,-128.0,-90.0,top,C98,GCM1885C2A102FA16D,C_0603_1608Metric_Pad1.08x0.95mm_HandSolder,1n,smt,True
203.25,-130.5,180.0,top,C99,GCM1885C2A102FA16D,C_0603_1608Metric_Pad1.08x0.95mm_HandSolder,1n,smt,True
237.25,-130.0,180.0,top,D1,150505M173300,LED_RGB_5050-6-WURTH,RGB,smt,True
223.0,-63.25,90.0,top,D2,SMCJ20CA,D_SMC,20V,smt,True
210.25,-61.25,90.0,top,D3,MM3Z10VC,D_SOD-323_HandSoldering,10V,smt,True
205.25,-56.5,0.0,top,D4,DSS16U,D_SOD-323_HandSoldering,NSR0340HT1G,smt,True
205.25,-58.5,0.0,top,D5,MM3Z10VC,D_SOD-323_HandSoldering,10V,smt,True
217.75,-90.75,0.0,top,D6,DSS16U,D_SOD-323_HandSoldering,NSR0340HT1G,smt,True
231.25,-90.75,0.0,top,D7,DSS16U,D_SOD-323_HandSoldering,NSR0340HT1G,smt,True
226.25,-73.0,180.0,top,F1,0685H9250-01,Fuse_1206_3216Metric_Pad1.42x1.75mm_HandSolder,25A,smt,True
64.5,-99.25,90.0,top,F2,0685H9120-01,Fuse_1206_3216Metric_Pad1.42x1.75mm_HandSolder,12A,smt,True
239.0,-100.875,0.0,top,J1,,PinHeader_1x08_P2.54mm_Vertical,DNP,tht,True
111.75,-88.0,180.0,top,J10,2604-3104,Wago_2604-3104,2604-3104,tht,True
69.5,-88.0,0.0,top,J11,6095,Keystone 6095,6095,tht,True
88.5,-88.0,0.0,top,J12,6095,Keystone 6095,6095,tht,True
223.0,-100.875,0.0,top,J2,,PinHeader_1x08_P2.54mm_Vertical,DNP,tht,True
207.0,-130.54,180.0,top,J3,,PinHeader_1x03_P2.54mm_Vertical,DNP,tht,True
207.0,-142.54,180.0,top,J4,,PinHeader_1x03_P2.54mm_Vertical,DNP,tht,True
223.0,-137.46,0.0,top,J5,,PinHeader_1x03_P2.54mm_Vertical,DNP,tht,True
223.0,-125.475,0.0,top,J6,,PinHeader_1x03_P2.54mm_Vertical,DNP,tht,True
252.5,-58.0,0.0,top,J7,6095,Keystone 6095,6095,tht,True
233.5,-58.0,0.0,top,J8,6095,Keystone 6095,6095,tht,True
239.0,-134.92,0.0,top,J9,,PinHeader_1x04_P2.54mm_Vertical,DNP,tht,True
209.0,-83.0,-90.0,top,L1,2014VS-251MED,COILCRAFT_2014,257n,smt,True
118.5,-112.5,-90.0,top,L2,2014VS-251MED,COILCRAFT_2014,257n,smt,True
95.0,-112.5,90.0,top,L3,2014VS-251MED,COILCRAFT_2014,257n,smt,True
77.5,-119.0,180.0,top,L4,2014VS-251MED,COILCRAFT_1212,90n,smt,True
76.0,-109.25,180.0,top,L5,744914122,WURTH_3168,22n,smt,True
183.75,-112.5,-90.0,top,L6,2014VS-251MED,COILCRAFT_2014,257n,smt,True
160.25,-112.5,90.0,top,L7,2014VS-251MED,COILCRAFT_2014,257n,smt,True
142.75,-119.0,180.0,top,L8,2014VS-251MED,COILCRAFT_1212,90n,smt,True
141.25,-109.25,180.0,top,L9,744914122,WURTH_3168,22n,smt,True
215.75,-63.3,-90.0,top,Q1,SIRA60DP-T1-GE3,PQFN-8-EP_6x5mm_P1.27mm_Generic,SIRA60DP,smt,True
206.25,-63.3,-90.0,top,Q2,SIRA60DP-T1-GE3,PQFN-8-EP_6x5mm_P1.27mm_Generic,SIRA60DP,smt,True
236.25,-135.29,-90.0,top,R1,RMCF0603FT750R,R_0603_1608Metric_Pad0.98x0.95mm_HandSolder,750R,smt,True
182.5,-88.5,-90.0,top,R10,CSRN2512FK50L0,R_2512_6332Metric_Pad1.40x3.35mm_HandSolder,50mR,smt,True
182.5,-99.75,-90.0,top,R11,CSRN2512FK50L0,R_2512_6332Metric_Pad1.40x3.35mm_HandSolder,50mR,smt,True
221.75,-92.25,-90.0,top,R12,CSR1206FKR500,R_1206_3216Metric_Pad1.30x1.75mm_HandSolder,500m,smt,True
248.0,-92.75,90.0,top,R13,RMCF0603FT750R,R_0603_1608Metric_Pad0.98x0.95mm_HandSolder,750R,smt,True
220.0,-102.0,90.0,top,R14,RMCF0603FT4K70,R_0603_1608Metric_Pad0.98x0.95mm_HandSolder,4.7k,smt,True
220.0,-117.2,-90.0,top,R15,RMCF0603FT22R0,R_0603_1608Metric_Pad0.98x0.95mm_HandSolder,22R,smt,True
220.0,-112.2,-90.0,top,R16,RMCF0603FT22R0,R_0603_1608Metric_Pad0.98x0.95mm_HandSolder,22R,smt,True
112.75,-131.75,0.0,top,R17,RMCF0603FT100K,R_0805_2012Metric_Pad1.20x1.40mm_HandSolder,2.2R,smt,True
117.0,-122.25,-90.0,top,R18,-,DNP_R_0603_1608Metric_Pad0.98x0.95mm_HandSolder,DNP,smt,True
115.0,-122.25,-90.0,top,R19,-,DNP_R_0603_1608Metric_Pad0.98x0.95mm_HandSolder,DNP,smt,True
236.25,-138.79,-90.0,top,R2,RMCF0603FT750R,R_0603_1608Metric_Pad0.98x0.95mm_HandSolder,750R,smt,True
106.75,-122.25,-90.0,top,R20,RMCF0603FT100K,R_0805_2012Metric_Pad1.20x1.40mm_HandSolder,2.2R,smt,True
178.0,-131.75,0.0,top,R21,RMCF0603FT100K,R_0805_2012Metric_Pad1.20x1.40mm_HandSolder,2.2R,smt,True
182.25,-122.25,-90.0,top,R22,-,DNP_R_0603_1608Metric_Pad0.98x0.95mm_HandSolder,DNP,smt,True
180.25,-122.25,-90.0,top,R23,-,DNP_R_0603_1608Metric_Pad0.98x0.95mm_HandSolder,DNP,smt,True
172.0,-122.25,-90.0,top,R24,RMCF0603FT100K,R_0805_2012Metric_Pad1.20x1.40mm_HandSolder,2.2R,smt,True
82.0,-109.25,90.0,top,R25,MFHA1206R1200FC,R_1206_3216Metric_Pad1.30x1.75mm_HandSolder,120m,smt,True
147.25,-109.25,90.0,top,R26,MFHA1206R1200FC,R_1206_3216Metric_Pad1.30x1.75mm_HandSolder,120m,smt,True
234.5,-108.25,-90.0,top,R27,RMCF0603FT4K70,R_0603_1608Metric_Pad0.98x0.95mm_HandSolder,4.7k,smt,True
217.75,-88.0,180.0,top,R28,B57330V2103F260,R_0603_1608Metric_Pad0.98x0.95mm_HandSolder,10k NTC,smt,True
232.5,-107.5,90.0,top,R29,RN73R2BTTD2201B25,R_1206_3216Metric_Pad1.30x1.75mm_HandSolder,2.2k 0.1%,smt,True
236.25,-142.29,-90.0,top,R3,RMCF0603FT750R,R_0603_1608Metric_Pad0.98x0.95mm_HandSolder,750R,smt,True
234.5,-104.75,90.0,top,R30,RN73R1JTTD2200B25,R_0603_1608Metric_Pad0.98x0.95mm_HandSolder,220R 0.1%,smt,True
234.5,-118.75,-90.0,top,R31,RMCF0603FT4K70,R_0603_1608Metric_Pad0.98x0.95mm_HandSolder,4.7k,smt,True
183.0,-128.5,90.0,top,R32,B57330V2103F260,R_0603_1608Metric_Pad0.98x0.95mm_HandSolder,10k NTC,smt,True
234.5,-115.25,-90.0,top,R33,RMCF0603FT4K70,R_0603_1608Metric_Pad0.98x0.95mm_HandSolder,4.7k,smt,True
117.75,-128.75,90.0,top,R34,B57330V2103F260,R_0603_1608Metric_Pad0.98x0.95mm_HandSolder,10k NTC,smt,True
234.5,-111.75,-90.0,top,R35,RMCF0603FT4K70,R_0603_1608Metric_Pad0.98x0.95mm_HandSolder,4.7k,smt,True
210.25,-65.0,-90.0,top,R36,B57330V2103F260,R_0603_1608Metric_Pad0.98x0.95mm_HandSolder,10k NTC,smt,True
69.5,-106.5,-90.0,top,R37,VMS-R010-1.0-U,R_2512_6332_CURRENT_SHUNT,10mR 4W,smt,True
190.5,-125.0,180.0,top,R38,RN73R2BTTD2201B25,R_1206_3216Metric_Pad1.30x1.75mm_HandSolder,2.2k 0.1%,smt,True
190.5,-131.0,180.0,top,R39,RN73R2BTTD2201B25,R_1206_3216Metric_Pad1.30x1.75mm_HandSolder,2.2k 0.1%,smt,True
212.0,-65.0,90.0,top,R4,RMCF0603FT4K70,R_0603_1608Metric_Pad0.98x0.95mm_HandSolder,4.7k,smt,True
194.75,-125.25,180.0,top,R40,RN73R1JTTD2200B25,R_0603_1608Metric_Pad0.98x0.95mm_HandSolder,220R 0.1%,smt,True
194.75,-130.75,180.0,top,R41,RN73R1JTTD2200B25,R_0603_1608Metric_Pad0.98x0.95mm_HandSolder,220R 0.1%,smt,True
194.75,-123.75,180.0,top,R42,RN73R1JTTD2200B25,R_0603_1608Metric_Pad0.98x0.95mm_HandSolder,220R 0.1%,smt,True
194.75,-132.25,180.0,top,R43,RN73R1JTTD2200B25,R_0603_1608Metric_Pad0.98x0.95mm_HandSolder,220R 0.1%,smt,True
203.25,-123.75,180.0,top,R44,RN73R1JTTD75R0B25,R_0603_1608Metric_Pad0.98x0.95mm_HandSolder,75R 0.1%,smt,True
203.25,-132.25,180.0,top,R45,RN73R1JTTD75R0B25,R_0603_1608Metric_Pad0.98x0.95mm_HandSolder,75R 0.1%,smt,True
192.0,-128.0,-90.0,top,R46,RMCF0603FT4K70,R_0603_1608Metric_Pad0.98x0.95mm_HandSolder,4.7k,smt,True
193.5,-128.0,90.0,top,R47,RMCF0603FT4K70,R_0603_1608Metric_Pad0.98x0.95mm_HandSolder,4.7k,smt,True
188.75,-137.0,180.0,top,R48,RN73R2BTTD2201B25,R_1206_3216Metric_Pad1.30x1.75mm_HandSolder,2.2k 0.1%,smt,True
188.75,-143.0,180.0,top,R49,RN73R2BTTD2201B25,R_1206_3216Metric_Pad1.30x1.75mm_HandSolder,2.2k 0.1%,smt,True
212.0,-61.5,90.0,top,R5,RMCF0603FT100K,R_0603_1608Metric_Pad0.98x0.95mm_HandSolder,100k,smt,True
193.75,-137.0,180.0,top,R50,RN73R2BTTD2201B25,R_1206_3216Metric_Pad1.30x1.75mm_HandSolder,2.2k 0.1%,smt,True
193.75,-143.0,180.0,top,R51,RN73R2BTTD2201B25,R_1206_3216Metric_Pad1.30x1.75mm_HandSolder,2.2k 0.1%,smt,True
193.75,-134.5,180.0,top,R52,RN73R2BTTD2201B25,R_1206_3216Metric_Pad1.30x1.75mm_HandSolder,2.2k 0.1%,smt,True
193.75,-145.5,180.0,top,R53,RN73R2BTTD2201B25,R_1206_3216Metric_Pad1.30x1.75mm_HandSolder,2.2k 0.1%,smt,True
203.25,-136.0,180.0,top,R54,RN73R1JTTD75R0B25,R_0603_1608Metric_Pad0.98x0.95mm_HandSolder,75R 0.1%,smt,True
203.25,-144.0,180.0,top,R55,RN73R1JTTD75R0B25,R_0603_1608Metric_Pad0.98x0.95mm_HandSolder,75R 0.1%,smt,True
192.0,-140.0,-90.0,top,R56,RMCF0603FT4K70,R_0603_1608Metric_Pad0.98x0.95mm_HandSolder,4.7k,smt,True
193.5,-140.0,90.0,top,R57,RMCF0603FT4K70,R_0603_1608Metric_Pad0.98x0.95mm_HandSolder,4.7k,smt,True
220.25,-138.25,90.0,top,R58,RMCF0603FT750R,R_0603_1608Metric_Pad0.98x0.95mm_HandSolder,750R,smt,True
220.25,-126.25,90.0,top,R59,RMCF0603FT750R,R_0603_1608Metric_Pad0.98x0.95mm_HandSolder,750R,smt,True
197.25,-53.0,0.0,top,R6,RMCF1210JT1K00,R_1210_3225Metric_Pad1.30x2.65mm_HandSolder,1k 1/2W,smt,True
197.25,-56.25,0.0,top,R7,RMCF1210JT1K00,R_1210_3225Metric_Pad1.30x2.65mm_HandSolder,1k 1/2W,smt,True
201.5,-58.5,0.0,top,R8,RMCF0603FT100K,R_0603_1608Metric_Pad0.98x0.95mm_HandSolder,100k,smt,True
201.5,-61.5,0.0,top,R9,RMCF0603FT22R0,R_0603_1608Metric_Pad0.98x0.95mm_HandSolder,22R,smt,True
198.25,-73.5,0.0,top,TP1,,TestPoint_Pad_D2.0mm,-,tht,False
243.5,-96.5,0.0,top,TP10,,TestPoint_Pad_D2.0mm,-,tht,False
240.0,-96.5,0.0,top,TP11,,TestPoint_Pad_D2.0mm,-,tht,False
216.25,-94.75,0.0,top,TP12,,TestPoint_Pad_D2.0mm,-,tht,False
247.0,-96.5,-90.0,top,TP13,,TestPoint_Pad_D2.0mm,-,tht,False
110.0,-141.5,-90.0,top,TP14,,TestPoint_Pad_D2.0mm,-,tht,False
110.0,-144.75,-90.0,top,TP15,,TestPoint_Pad_D2.0mm,-,tht,False
175.25,-141.5,-90.0,top,TP16,,TestPoint_Pad_D2.0mm,-,tht,False
175.25,-144.75,-90.0,top,TP17,,TestPoint_Pad_D2.0mm,-,tht,False
90.0,-122.75,-90.0,top,TP18,,TestPoint_Pad_D2.0mm,-,tht,False
96.0,-127.0,-90.0,top,TP19,,TestPoint_Pad_D2.0mm,-,tht,False
204.75,-54.0,0.0,top,TP2,,TestPoint_Pad_D2.0mm,-,tht,False
69.75,-120.0,0.0,top,TP20,,TestPoint_Pad_D2.0mm,-,tht,False
64.0,-120.0,0.0,top,TP21,,TestPoint_Pad_D2.0mm,-,tht,False
155.5,-122.5,-90.0,top,TP22,,TestPoint_Pad_D2.0mm,-,tht,False
161.25,-127.0,-90.0,top,TP23,,TestPoint_Pad_D2.0mm,-,tht,False
135.0,-120.0,0.0,top,TP24,,TestPoint_Pad_D2.0mm,-,tht,False
129.25,-120.0,0.0,top,TP25,,TestPoint_Pad_D2.0mm,-,tht,False
214.0,-126.25,0.0,top,TP26,,TestPoint_Pad_D2.0mm,-,tht,False
214.0,-129.75,0.0,top,TP27,,TestPoint_Pad_D2.0mm,-,tht,False
188.0,-128.0,0.0,top,TP28,,TestPoint_Pad_D2.0mm,-,tht,False
188.05,-134.05,0.0,top,TP29,,TestPoint_Pad_D2.0mm,-,tht,False
198.3,-60.4,0.0,top,TP3,,TestPoint_Pad_D2.0mm,-,tht,False
212.25,-58.0,0.0,top,TP4,,TestPoint_Pad_D2.0mm,-,tht,False
206.25,-92.5,0.0,top,TP5,,TestPoint_Pad_D2.0mm,-,tht,False
203.0,-92.5,0.0,top,TP6,,TestPoint_Pad_D2.0mm,-,tht,False
194.0,-69.5,0.0,top,TP7,,TestPoint_Pad_D2.0mm,-,tht,False
219.0,-96.25,0.0,top,TP8,,TestPoint_Pad_D2.0mm,-,tht,False
219.0,-93.25,0.0,top,TP9,,TestPoint_Pad_D2.0mm,-,tht,False
221.27,-79.96,-90.0,top,U1,MC7805ACTG,TO-220-3_Horizontal_TabDown,MC7805ACTG,tht,True
245.5,-92.75,-90.0,top,U2,MCP1501T-20E/CHY,SOT-23-6,MCP1501T-20E/CHY,smt,True
232.25,-96.25,-90.0,top,U3,SPX1117M3-L-3-3/TR,SOT-223-3_TabPin2,SPX1117M3-L-3-3/TR,smt,True
111.0,-124.5,-90.0,top,U4,CSD95372AQ5M,LSON-12-1EP_5x6mm,CSD95372AQ5M,smt,True
176.25,-124.5,-90.0,top,U5,CSD95372AQ5M,LSON-12-1EP_5x6mm,CSD95372AQ5M,smt,True
198.25,-128.0,90.0,top,U6,LTC6362CMS8#TRPBF,MSOP-8_3x3mm_P0.65mm,LTC6362,smt,True
198.25,-140.0,90.0,top,U7,LTC6362CMS8#TRPBF,MSOP-8_3x3mm_P0.65mm,LTC6362,smt,True
217.5,-140.0,90.0,top,U8,INA241A4IDDFR,SOT-23-8_Handsoldering,INA241A4,smt,True
217.5,-128.0,90.0,top,U9,INA241A1IDDFR,SOT-23-8_Handsoldering,INA241A1,smt,True
252.5,-67.75,0.0,top,kibuzzard-64CF1C96,,kibuzzard-64CF1C96,G***,tht,False
233.5,-67.75,0.0,top,kibuzzard-64CF1CEA,,kibuzzard-64CF1CEA,G***,tht,False
227.826,-105.94,0.0,top,kibuzzard-64CF1E0D,,kibuzzard-64CF1E0D,G***,tht,False
226.81,-108.48,0.0,top,kibuzzard-64CF1E1A,,kibuzzard-64CF1E1A,G***,tht,False
227.445,-111.02,0.0,top,kibuzzard-64CF1E29,,kibuzzard-64CF1E29,G***,tht,False
226.81,-113.687,0.0,top,kibuzzard-64CF1E34,,kibuzzard-64CF1E34,G***,tht,False
227.445,-116.1,0.0,top,kibuzzard-64CF1E3D,,kibuzzard-64CF1E3D,G***,tht,False
226.81,-118.64,0.0,top,kibuzzard-64CF1E44,,kibuzzard-64CF1E44,G***,tht,False
227.318,-103.4,0.0,top,kibuzzard-64CF1E82,,kibuzzard-64CF1E82,G***,tht,False
226.175,-100.86,0.0,top,kibuzzard-64CF1E8F,,kibuzzard-64CF1E8F,G***,tht,False
243.32,-100.86,0.0,top,kibuzzard-64CF1EB5,,kibuzzard-64CF1EB5,G***,tht,False
243.193,-103.4,0.0,top,kibuzzard-64CF1EC8,,kibuzzard-64CF1EC8,G***,tht,False
242.812,-105.94,0.0,top,kibuzzard-64CF1ED1,,kibuzzard-64CF1ED1,G***,tht,False
244.336,-108.48,0.0,top,kibuzzard-64CF1EE4,,kibuzzard-64CF1EE4,G***,tht,False
245.606,-111.02,0.0,top,kibuzzard-64CF1F01,,kibuzzard-64CF1F01,G***,tht,False
245.606,-113.56,0.0,top,kibuzzard-64CF1F11,,kibuzzard-64CF1F11,G***,tht,False
243.193,-134.896,0.0,top,kibuzzard-64CF1F4F,,kibuzzard-64CF1F4F,G***,tht,False
242.685,-137.436,0.0,top,kibuzzard-64CF1F61,,kibuzzard-64CF1F61,G***,tht,False
243.701,-139.976,0.0,top,kibuzzard-64CF1F69,,kibuzzard-64CF1F69,G***,tht,False
242.812,-142.516,0.0,top,kibuzzard-64CF1F6F,,kibuzzard-64CF1F6F,G***,tht,False
226.81,-142.516,0.0,top,kibuzzard-64CF1F79,,kibuzzard-64CF1F79,G***,tht,False
226.81,-130.578,0.0,top,kibuzzard-64CF1FA1,,kibuzzard-64CF1FA1,G***,tht,False
210.808,-128.038,0.0,top,kibuzzard-64CF1FAA,,kibuzzard-64CF1FAA,G***,tht,False
210.808,-139.976,0.0,top,kibuzzard-64CF1FB5,,kibuzzard-64CF1FB5,G***,tht,False
227.191,-137.436,0.0,top,kibuzzard-64CF222A,,kibuzzard-64CF222A,G***,tht,False
212.078,-142.516,0.0,top,kibuzzard-64CF223D,,kibuzzard-64CF223D,G***,tht,False
212.078,-137.436,0.0,top,kibuzzard-64CF2245,,kibuzzard-64CF2245,G***,tht,False
213.348,-123.72,16.0,top,kibuzzard-64CF22CA,,kibuzzard-64CF22CA,G***,tht,False
213.348,-132.102,-16.0,top,kibuzzard-64CF22E7,,kibuzzard-64CF22E7,G***,tht,False
117.75,-100.0,0.0,top,kibuzzard-64CF2417,,kibuzzard-64CF2417,G***,tht,False
106.5,-100.0,0.0,top,kibuzzard-64CF2468,,kibuzzard-64CF2468,G***,tht,False
90.0,-97.5,-16.75,top,kibuzzard-64CF24C8,,kibuzzard-64CF24C8,G***,tht,False
71.5,-97.5,-16.75,top,kibuzzard-64CF24F4,,kibuzzard-64CF24F4,G***,tht,False
228.75,-125.5,0.0,top,kibuzzard-64CFD6AE,,kibuzzard-64CFD6AE,G***,tht,False
245.604,-116.1,0.0,top,kibuzzard-64CFD733,,kibuzzard-64CFD733,G***,tht,False
245.477,-118.64,0.0,top,kibuzzard-64CFD751,,kibuzzard-64CFD751,G***,tht,False
166.784016,-99.474512,0.0,top,kibuzzard-64CFDF40,,kibuzzard-64CFDF40,G***,tht,False
154.25,-93.25,0.0,top,kibuzzard-64CFDF65,,kibuzzard-64CFDF65,G***,tht,False
142.677142,-100.023202,0.0,top,kibuzzard-64CFDFD1,,kibuzzard-64CFDFD1,G***,tht,False
