﻿designator,quantity,value,pack,mpn,mount_type
"C1, C15, C18, C20, C21, C22, C23, C24, C25, C27, C29, C31, C33, C4, C45, C46, C47, C48, C49, C5, C50, C52, C54, C56, C58, C73, C89",27,22u,C_1210_3225Metric_Pad1.33x2.70mm_HandSolder,CL32B226KAJNNNE,smt
"C10, C11, C3",3,330u,CP_Elec_10x12.6,25SVPF330M,smt
"C100, C104, C106, C107, C111, C112, C113, C116, C120, C121, C122, C123, C125, C126, C128, C72, C84, C88",18,1n,C_0603_1608Metric_Pad1.08x0.95mm_HandSolder,CL10B102KB8NNNC,smt
"C101, C105, C114, C124, C127, C2, C39, C41, C42, C43, C64, C66, C67, C68, C79, C8, C81, C85, C95, C97",20,100n,C_0603_1608Metric_Pad1.08x0.95mm_HandSolder,CL10B104KB8NNWC,smt
"C102, C70, C80, C82, C86, C96, C98",7,10n,C_0603_1608Metric_Pad1.08x0.95mm_HandSolder,CL10B103KB8NNNC,smt
"C103, C19, C38, C63, C71, C83, C87, C9, C99",9,4.7n,C_0603_1608Metric_Pad1.08x0.95mm_HandSolder,CL10B472KB8NFNC,smt
"C108, C109",2,470p,C_0603_1608Metric_Pad1.08x0.95mm_HandSolder,GCM1885C2A471FA16D,smt
"C110, C119, C13, C28, C32, C37, C40, C53, C57, C62, C65",11,1u,C_0805_2012Metric_Pad1.18x1.45mm_HandSolder,CL21B105KBFNNNG,smt
"C115, C44, C69",3,150p,C_0603_1608Metric_Pad1.08x0.95mm_HandSolder,GCM1885C2A151JA16D,smt
"C117, C118",2,33p,C_0603_1608Metric_Pad1.08x0.95mm_HandSolder,GCM1885C2A330JA16D,smt
"C12, C14, C16, C17, C26, C30, C34, C35, C36, C51, C55, C59, C6, C60, C61, C7, C74, C75, C76, C77, C78, C90, C91, C92, C93, C94",26,4.7u,C_0805_2012Metric_Pad1.18x1.45mm_HandSolder,CL21A475KLCLQNC,smt
D1,1,20V,D_SMC,SMCJ20CA,smt
"D2, D4",2,10V,D_SOD-323_HandSoldering,MM3Z10VC,smt
"D3, D5, D6",3,NSR0340HT1G,D_SOD-323_HandSoldering,NSR0340HT1G,smt
"F1, F2, F3",3,25A,Fuse_1206_3216Metric_Pad1.42x1.75mm_HandSolder,0685H9250-01,smt
"H1, H10, H11, H12, H13, H14, H15, H16, H17, H18, H19, H2, H20, H3, H4, H5, H6, H7, H8, H9",20,~,MountingHole-3mm_small_annulus,,tht
J1,1,DNP,PinHeader_1x08_P2.54mm_Vertical,,tht
"J10, J6, J7, J8, J9",5,6095,Keystone 6095,6095,tht
"J2, J3, J4, J5",4,DNP,PinHeader_1x03_P2.54mm_Vertical,,tht
"L1, L2, L5",3,257n,COILCRAFT_2014,2014VS-251MED,smt
"L3, L4, L6, L7",4,90n,COILCRAFT_1212,1212VS-90NMED,smt
"Q1, Q2",2,SIRA60DP,PQFN-8-EP_6x5mm_P1.27mm_Generic,SIRA60DP-T1-GE3,smt
"R1, R11, R33, R34, R43, R44",6,4.7k,R_0603_1608Metric_Pad0.98x0.95mm_HandSolder,RMCF0603FT4K70,smt
"R10, R45, R46",3,750R,R_0603_1608Metric_Pad0.98x0.95mm_HandSolder,RMCF0603FT750R,smt
"R12, R13, R6",3,22R,R_0603_1608Metric_Pad0.98x0.95mm_HandSolder,RMCF0603FT22R0,smt
"R14, R15, R16, R17, R19, R20, R22, R23",8,2.2R,R_0805_2012Metric_Pad1.20x1.40mm_HandSolder,RPC0805JT2R20-UP,smt
"R18, R21, R9",3,250m,R_1206_3216Metric_Pad1.30x1.75mm_HandSolder,CSR1206FKR250,smt
"R2, R5",2,100k,R_0603_1608Metric_Pad0.98x0.95mm_HandSolder,RMCF0603FT100K,smt
R24,1,10mR 4W,R_2512_6332_CURRENT_SHUNT,VMS-R010-1.0-U,smt
"R25, R26, R35, R36, R37, R38, R39, R40",8,2.2k 0.1%,R_1206_3216Metric_Pad1.30x1.75mm_HandSolder,RN73R2BTTD2201B25,smt
"R27, R28, R29, R30",4,220R 0.1%,R_0603_1608Metric_Pad0.98x0.95mm_HandSolder,RN73R1JTTD2200B25,smt
"R3, R4",2,1k 1/2W,R_1210_3225Metric_Pad1.30x2.65mm_HandSolder,RMCF1210JT1K00,smt
"R31, R32, R41, R42",4,75R 0.1%,R_0603_1608Metric_Pad0.98x0.95mm_HandSolder,RN73R1JTTD75R0B25,smt
"R7, R8",2,50mR,R_2512_6332Metric_Pad1.40x3.35mm_HandSolder,CSRN2512FK50L0,smt
"TP1, TP10, TP11, TP12, TP13, TP14, TP15, TP16, TP17, TP18, TP19, TP2, TP20, TP21, TP22, TP23, TP24, TP25, TP26, TP27, TP28, TP29, TP3, TP30, TP31, TP4, TP5, TP6, TP7, TP8, TP9",31,-,TestPoint_Pad_D2.0mm,,tht
U1,1,MC7805CD2TR4G,TO-263-2,MC7805CD2TR4G,smt
U2,1,MCP1501T-20E/CHY,SOT-23-6,MCP1501T-20E/CHY,smt
U3,1,SPX1117M3-L-3-3/TR,SOT-223-3_TabPin2,SPX1117M3-L-3-3/TR,smt
"U4, U5",2,CSD95372AQ5M,LSON-12-1EP_5x6mm,CSD95372AQ5M,smt
"U6, U7",2,LTC6362,MSOP-8_3x3mm_P0.65mm,LTC6362CMS8#TRPBF,smt
U8,1,INA241A4,SOT-23-8_Handsoldering,INA241A4IDDFR,smt
U9,1,INA241A1,SOT-23-8_Handsoldering,INA241A1IDDFR,smt
kibuzzard-6525E0C3,1,G***,kibuzzard-6525E0C3,,tht
kibuzzard-6525E106,1,G***,kibuzzard-6525E106,,tht
kibuzzard-6525E114,1,G***,kibuzzard-6525E114,,tht
kibuzzard-6525E122,1,G***,kibuzzard-6525E122,,tht
kibuzzard-6525E130,1,G***,kibuzzard-6525E130,,tht
kibuzzard-6525E138,1,G***,kibuzzard-6525E138,,tht
kibuzzard-6525E140,1,G***,kibuzzard-6525E140,,tht
kibuzzard-6525E147,1,G***,kibuzzard-6525E147,,tht
kibuzzard-6525E19B,1,G***,kibuzzard-6525E19B,,tht
kibuzzard-6525E1AD,1,G***,kibuzzard-6525E1AD,,tht
kibuzzard-6525E1B5,1,G***,kibuzzard-6525E1B5,,tht
kibuzzard-6525E1C4,1,G***,kibuzzard-6525E1C4,,tht
kibuzzard-6525E1D0,1,G***,kibuzzard-6525E1D0,,tht
kibuzzard-6525E1DB,1,G***,kibuzzard-6525E1DB,,tht
kibuzzard-6525E1FF,1,G***,kibuzzard-6525E1FF,,tht
kibuzzard-6525E213,1,G***,kibuzzard-6525E213,,tht
kibuzzard-6525E21C,1,G***,kibuzzard-6525E21C,,tht
kibuzzard-6525E231,1,G***,kibuzzard-6525E231,,tht
kibuzzard-6525E23B,1,G***,kibuzzard-6525E23B,,tht
kibuzzard-6525E244,1,G***,kibuzzard-6525E244,,tht
kibuzzard-6525E2FE,1,G***,kibuzzard-6525E2FE,,tht
kibuzzard-6525E307,1,G***,kibuzzard-6525E307,,tht
kibuzzard-6525E33F,1,G***,kibuzzard-6525E33F,,tht
kibuzzard-6525E349,1,G***,kibuzzard-6525E349,,tht
kibuzzard-6525E43B,1,G***,kibuzzard-6525E43B,,tht
kibuzzard-6525E518,1,G***,kibuzzard-6525E518,,tht
kibuzzard-652702F8,1,G***,kibuzzard-652702F8,,tht
kibuzzard-65271A22,1,G***,kibuzzard-65271A22,,tht
