﻿pos_x,pos_y,rotation,side,designator,mpn,pack,value,mount_type,place
189.5,-120.0,90.0,bottom,C1,CL32B226KAJNNNE,C_1210_3225Metric_Pad1.33x2.70mm_HandSolder,22u,smt,True
144.5,-130.5,90.0,top,C10,25SVPF330M,CP_Elec_10x12.6,330u,smt,True
107.5,-121.0,-90.0,top,C100,CL10B102KB8NNNC,C_0603_1608Metric_Pad1.08x0.95mm_HandSolder,1n,smt,True
94.25,-125.25,0.0,top,C101,CL10B104KB8NNWC,C_0603_1608Metric_Pad1.08x0.95mm_HandSolder,100n,smt,True
94.25,-123.5,0.0,top,C102,CL10B103KB8NNNC,C_0603_1608Metric_Pad1.08x0.95mm_HandSolder,10n,smt,True
94.25,-120.0,0.0,top,C103,CL10B472KB8NFNC,C_0603_1608Metric_Pad1.08x0.95mm_HandSolder,4.7n,smt,True
94.25,-121.75,0.0,top,C104,CL10B102KB8NNNC,C_0603_1608Metric_Pad1.08x0.95mm_HandSolder,1n,smt,True
167.5,-91.25,-90.0,bottom,C105,CL10B104KB8NNWC,C_0603_1608Metric_Pad1.08x0.95mm_HandSolder,100n,smt,True
165.5,-91.25,-90.0,bottom,C106,CL10B102KB8NNNC,C_0603_1608Metric_Pad1.08x0.95mm_HandSolder,1n,smt,True
169.5,-91.25,-90.0,bottom,C107,CL10B102KB8NNNC,C_0603_1608Metric_Pad1.08x0.95mm_HandSolder,1n,smt,True
169.0,-87.25,0.0,top,C108,GCM1885C2A471FA16D,C_0603_1608Metric_Pad1.08x0.95mm_HandSolder,470p,smt,True
169.0,-95.25,0.0,top,C109,GCM1885C2A471FA16D,C_0603_1608Metric_Pad1.08x0.95mm_HandSolder,470p,smt,True
155.5,-130.5,90.0,top,C11,25SVPF330M,CP_Elec_10x12.6,330u,smt,True
165.25,-91.25,180.0,top,C110,CL21B105KBFNNNG,C_0805_2012Metric_Pad1.18x1.45mm_HandSolder,1u,smt,True
171.5,-91.25,-90.0,bottom,C111,CL10B102KB8NNNC,C_0603_1608Metric_Pad1.08x0.95mm_HandSolder,1n,smt,True
173.5,-93.0,-90.0,bottom,C112,CL10B102KB8NNNC,C_0603_1608Metric_Pad1.08x0.95mm_HandSolder,1n,smt,True
173.5,-89.5,90.0,bottom,C113,CL10B102KB8NNNC,C_0603_1608Metric_Pad1.08x0.95mm_HandSolder,1n,smt,True
167.5,-104.25,-90.0,bottom,C114,CL10B104KB8NNWC,C_0603_1608Metric_Pad1.08x0.95mm_HandSolder,100n,smt,True
165.5,-104.25,-90.0,bottom,C115,GCM1885C2A151JA16D,C_0603_1608Metric_Pad1.08x0.95mm_HandSolder,150p,smt,True
169.5,-104.25,-90.0,bottom,C116,CL10B102KB8NNNC,C_0603_1608Metric_Pad1.08x0.95mm_HandSolder,1n,smt,True
170.5,-99.75,0.0,top,C117,GCM1885C2A330JA16D,C_0603_1608Metric_Pad1.08x0.95mm_HandSolder,33p,smt,True
170.5,-108.75,0.0,top,C118,GCM1885C2A330JA16D,C_0603_1608Metric_Pad1.08x0.95mm_HandSolder,33p,smt,True
165.25,-104.25,180.0,top,C119,CL21B105KBFNNNG,C_0805_2012Metric_Pad1.18x1.45mm_HandSolder,1u,smt,True
203.0,-110.0,180.0,top,C12,CL21A475KLCLQNC,C_0805_2012Metric_Pad1.18x1.45mm_HandSolder,4.7u,smt,True
171.5,-104.25,-90.0,bottom,C120,CL10B102KB8NNNC,C_0603_1608Metric_Pad1.08x0.95mm_HandSolder,1n,smt,True
173.5,-106.25,-90.0,bottom,C121,CL10B102KB8NNNC,C_0603_1608Metric_Pad1.08x0.95mm_HandSolder,1n,smt,True
173.5,-102.25,90.0,bottom,C122,CL10B102KB8NNNC,C_0603_1608Metric_Pad1.08x0.95mm_HandSolder,1n,smt,True
149.5,-80.25,180.0,bottom,C123,CL10B102KB8NNNC,C_0603_1608Metric_Pad1.08x0.95mm_HandSolder,1n,smt,True
149.5,-78.25,180.0,bottom,C124,CL10B104KB8NNWC,C_0603_1608Metric_Pad1.08x0.95mm_HandSolder,100n,smt,True
152.5,-79.25,90.0,bottom,C125,CL10B102KB8NNNC,C_0603_1608Metric_Pad1.08x0.95mm_HandSolder,1n,smt,True
169.0,-80.235,180.0,bottom,C126,CL10B102KB8NNNC,C_0603_1608Metric_Pad1.08x0.95mm_HandSolder,1n,smt,True
169.0,-78.235,180.0,bottom,C127,CL10B104KB8NNWC,C_0603_1608Metric_Pad1.08x0.95mm_HandSolder,100n,smt,True
172.0,-79.235,90.0,bottom,C128,CL10B102KB8NNNC,C_0603_1608Metric_Pad1.08x0.95mm_HandSolder,1n,smt,True
193.0,-93.0,180.0,bottom,C13,CL21B105KBFNNNG,C_0805_2012Metric_Pad1.18x1.45mm_HandSolder,1u,smt,True
203.0,-100.0,180.0,top,C14,CL21A475KLCLQNC,C_0805_2012Metric_Pad1.18x1.45mm_HandSolder,4.7u,smt,True
201.0,-90.5,90.0,bottom,C15,CL32B226KAJNNNE,C_1210_3225Metric_Pad1.33x2.70mm_HandSolder,22u,smt,True
204.0,-90.5,90.0,bottom,C16,CL21A475KLCLQNC,C_0805_2012Metric_Pad1.18x1.45mm_HandSolder,4.7u,smt,True
193.0,-91.0,180.0,bottom,C17,CL21A475KLCLQNC,C_0805_2012Metric_Pad1.18x1.45mm_HandSolder,4.7u,smt,True
197.0,-90.5,90.0,bottom,C18,CL32B226KAJNNNE,C_1210_3225Metric_Pad1.33x2.70mm_HandSolder,22u,smt,True
154.5,-89.75,-90.0,bottom,C19,CL10B472KB8NFNC,C_0603_1608Metric_Pad1.08x0.95mm_HandSolder,4.7n,smt,True
194.25,-121.75,-90.0,bottom,C2,CL10B104KB8NNWC,C_0603_1608Metric_Pad1.08x0.95mm_HandSolder,100n,smt,True
113.5,-96.499751,90.0,bottom,C20,CL32B226KAJNNNE,C_1210_3225Metric_Pad1.33x2.70mm_HandSolder,22u,smt,True
113.5,-101.499751,-90.0,bottom,C21,CL32B226KAJNNNE,C_1210_3225Metric_Pad1.33x2.70mm_HandSolder,22u,smt,True
113.5,-101.499999,-90.0,top,C22,CL32B226KAJNNNE,C_1210_3225Metric_Pad1.33x2.70mm_HandSolder,22u,smt,True
120.5,-101.5,-90.0,top,C23,CL32B226KAJNNNE,C_1210_3225Metric_Pad1.33x2.70mm_HandSolder,22u,smt,True
113.5,-96.499999,90.0,top,C24,CL32B226KAJNNNE,C_1210_3225Metric_Pad1.33x2.70mm_HandSolder,22u,smt,True
120.5,-101.499752,-90.0,bottom,C25,CL32B226KAJNNNE,C_1210_3225Metric_Pad1.33x2.70mm_HandSolder,22u,smt,True
123.25,-101.999752,-90.0,bottom,C26,CL21A475KLCLQNC,C_0805_2012Metric_Pad1.18x1.45mm_HandSolder,4.7u,smt,True
117.0,-96.499999,90.0,top,C27,CL32B226KAJNNNE,C_1210_3225Metric_Pad1.33x2.70mm_HandSolder,22u,smt,True
120.0,-95.999999,90.0,top,C28,CL21B105KBFNNNG,C_0805_2012Metric_Pad1.18x1.45mm_HandSolder,1u,smt,True
117.0,-101.499999,-90.0,top,C29,CL32B226KAJNNNE,C_1210_3225Metric_Pad1.33x2.70mm_HandSolder,22u,smt,True
181.5,-130.5,90.0,top,C3,25SVPF330M,CP_Elec_10x12.6,330u,smt,True
125.5,-102.0,-90.0,top,C30,CL21A475KLCLQNC,C_0805_2012Metric_Pad1.18x1.45mm_HandSolder,4.7u,smt,True
117.0,-101.499751,-90.0,bottom,C31,CL32B226KAJNNNE,C_1210_3225Metric_Pad1.33x2.70mm_HandSolder,22u,smt,True
122.25,-95.999751,90.0,bottom,C32,CL21B105KBFNNNG,C_0805_2012Metric_Pad1.18x1.45mm_HandSolder,1u,smt,True
117.0,-96.499751,90.0,bottom,C33,CL32B226KAJNNNE,C_1210_3225Metric_Pad1.33x2.70mm_HandSolder,22u,smt,True
123.25,-102.0,-90.0,top,C34,CL21A475KLCLQNC,C_0805_2012Metric_Pad1.18x1.45mm_HandSolder,4.7u,smt,True
120.0,-95.999751,90.0,bottom,C35,CL21A475KLCLQNC,C_0805_2012Metric_Pad1.18x1.45mm_HandSolder,4.7u,smt,True
125.5,-101.999752,-90.0,bottom,C36,CL21A475KLCLQNC,C_0805_2012Metric_Pad1.18x1.45mm_HandSolder,4.7u,smt,True
122.25,-95.999999,90.0,top,C37,CL21B105KBFNNNG,C_0805_2012Metric_Pad1.18x1.45mm_HandSolder,1u,smt,True
126.0,-95.999752,90.0,bottom,C38,CL10B472KB8NFNC,C_0603_1608Metric_Pad1.08x0.95mm_HandSolder,4.7n,smt,True
124.25,-95.999752,-90.0,bottom,C39,CL10B104KB8NNWC,C_0603_1608Metric_Pad1.08x0.95mm_HandSolder,100n,smt,True
176.5,-131.0,90.0,bottom,C4,CL32B226KAJNNNE,C_1210_3225Metric_Pad1.33x2.70mm_HandSolder,22u,smt,True
129.25,-87.0,0.0,top,C40,CL21B105KBFNNNG,C_0805_2012Metric_Pad1.18x1.45mm_HandSolder,1u,smt,True
127.749999,-95.999752,-90.0,bottom,C41,CL10B104KB8NNWC,C_0603_1608Metric_Pad1.08x0.95mm_HandSolder,100n,smt,True
129.25,-88.75,180.0,top,C42,CL10B104KB8NNWC,C_0603_1608Metric_Pad1.08x0.95mm_HandSolder,100n,smt,True
129.249999,-98.5,0.0,top,C43,CL10B104KB8NNWC,C_0603_1608Metric_Pad1.08x0.95mm_HandSolder,100n,smt,True
120.75,-87.5,-90.0,top,C44,GCM1885C2A151JA16D,C_0603_1608Metric_Pad1.08x0.95mm_HandSolder,150p,smt,True
113.5,-130.0,90.0,bottom,C45,CL32B226KAJNNNE,C_1210_3225Metric_Pad1.33x2.70mm_HandSolder,22u,smt,True
113.5,-135.0,-90.0,bottom,C46,CL32B226KAJNNNE,C_1210_3225Metric_Pad1.33x2.70mm_HandSolder,22u,smt,True
113.5,-135.0,-90.0,top,C47,CL32B226KAJNNNE,C_1210_3225Metric_Pad1.33x2.70mm_HandSolder,22u,smt,True
120.5,-135.0,-90.0,top,C48,CL32B226KAJNNNE,C_1210_3225Metric_Pad1.33x2.70mm_HandSolder,22u,smt,True
113.5,-130.0,90.0,top,C49,CL32B226KAJNNNE,C_1210_3225Metric_Pad1.33x2.70mm_HandSolder,22u,smt,True
173.0,-131.0,90.0,bottom,C5,CL32B226KAJNNNE,C_1210_3225Metric_Pad1.33x2.70mm_HandSolder,22u,smt,True
120.5,-135.0,-90.0,bottom,C50,CL32B226KAJNNNE,C_1210_3225Metric_Pad1.33x2.70mm_HandSolder,22u,smt,True
123.25,-135.5,-90.0,bottom,C51,CL21A475KLCLQNC,C_0805_2012Metric_Pad1.18x1.45mm_HandSolder,4.7u,smt,True
117.0,-130.0,90.0,top,C52,CL32B226KAJNNNE,C_1210_3225Metric_Pad1.33x2.70mm_HandSolder,22u,smt,True
120.0,-129.5,90.0,top,C53,CL21B105KBFNNNG,C_0805_2012Metric_Pad1.18x1.45mm_HandSolder,1u,smt,True
117.0,-135.0,-90.0,top,C54,CL32B226KAJNNNE,C_1210_3225Metric_Pad1.33x2.70mm_HandSolder,22u,smt,True
125.5,-135.5,-90.0,top,C55,CL21A475KLCLQNC,C_0805_2012Metric_Pad1.18x1.45mm_HandSolder,4.7u,smt,True
117.0,-135.0,-90.0,bottom,C56,CL32B226KAJNNNE,C_1210_3225Metric_Pad1.33x2.70mm_HandSolder,22u,smt,True
122.25,-129.5,90.0,bottom,C57,CL21B105KBFNNNG,C_0805_2012Metric_Pad1.18x1.45mm_HandSolder,1u,smt,True
117.0,-130.0,90.0,bottom,C58,CL32B226KAJNNNE,C_1210_3225Metric_Pad1.33x2.70mm_HandSolder,22u,smt,True
123.25,-135.5,-90.0,top,C59,CL21A475KLCLQNC,C_0805_2012Metric_Pad1.18x1.45mm_HandSolder,4.7u,smt,True
182.0,-131.5,90.0,bottom,C6,CL21A475KLCLQNC,C_0805_2012Metric_Pad1.18x1.45mm_HandSolder,4.7u,smt,True
120.0,-129.5,90.0,bottom,C60,CL21A475KLCLQNC,C_0805_2012Metric_Pad1.18x1.45mm_HandSolder,4.7u,smt,True
125.5,-135.5,-90.0,bottom,C61,CL21A475KLCLQNC,C_0805_2012Metric_Pad1.18x1.45mm_HandSolder,4.7u,smt,True
122.25,-129.5,90.0,top,C62,CL21B105KBFNNNG,C_0805_2012Metric_Pad1.18x1.45mm_HandSolder,1u,smt,True
126.0,-129.5,90.0,bottom,C63,CL10B472KB8NFNC,C_0603_1608Metric_Pad1.08x0.95mm_HandSolder,4.7n,smt,True
124.25,-129.5,-90.0,bottom,C64,CL10B104KB8NNWC,C_0603_1608Metric_Pad1.08x0.95mm_HandSolder,100n,smt,True
129.25,-120.5,0.0,top,C65,CL21B105KBFNNNG,C_0805_2012Metric_Pad1.18x1.45mm_HandSolder,1u,smt,True
127.75,-129.5,-90.0,bottom,C66,CL10B104KB8NNWC,C_0603_1608Metric_Pad1.08x0.95mm_HandSolder,100n,smt,True
129.25,-122.25,180.0,top,C67,CL10B104KB8NNWC,C_0603_1608Metric_Pad1.08x0.95mm_HandSolder,100n,smt,True
129.25,-132.0,0.0,top,C68,CL10B104KB8NNWC,C_0603_1608Metric_Pad1.08x0.95mm_HandSolder,100n,smt,True
120.75,-121.0,-90.0,top,C69,GCM1885C2A151JA16D,C_0603_1608Metric_Pad1.08x0.95mm_HandSolder,150p,smt,True
179.5,-131.5,90.0,bottom,C7,CL21A475KLCLQNC,C_0805_2012Metric_Pad1.18x1.45mm_HandSolder,4.7u,smt,True
93.25,-96.5,-90.0,top,C70,CL10B103KB8NNNC,C_0603_1608Metric_Pad1.08x0.95mm_HandSolder,10n,smt,True
91.25,-96.5,-90.0,top,C71,CL10B472KB8NFNC,C_0603_1608Metric_Pad1.08x0.95mm_HandSolder,4.7n,smt,True
89.25,-96.5,-90.0,top,C72,CL10B102KB8NNNC,C_0603_1608Metric_Pad1.08x0.95mm_HandSolder,1n,smt,True
129.5,-76.25,0.0,top,C73,CL32B226KAJNNNE,C_1210_3225Metric_Pad1.33x2.70mm_HandSolder,22u,smt,True
112.5,-78.5,180.0,top,C74,CL21A475KLCLQNC,C_0805_2012Metric_Pad1.18x1.45mm_HandSolder,4.7u,smt,True
112.5,-80.5,180.0,top,C75,CL21A475KLCLQNC,C_0805_2012Metric_Pad1.18x1.45mm_HandSolder,4.7u,smt,True
112.5,-82.5,180.0,top,C76,CL21A475KLCLQNC,C_0805_2012Metric_Pad1.18x1.45mm_HandSolder,4.7u,smt,True
112.5,-84.5,180.0,top,C77,CL21A475KLCLQNC,C_0805_2012Metric_Pad1.18x1.45mm_HandSolder,4.7u,smt,True
112.5,-86.5,180.0,top,C78,CL21A475KLCLQNC,C_0805_2012Metric_Pad1.18x1.45mm_HandSolder,4.7u,smt,True
116.0,-87.5,-90.0,top,C79,CL10B104KB8NNWC,C_0603_1608Metric_Pad1.08x0.95mm_HandSolder,100n,smt,True
186.0,-131.5,90.0,bottom,C8,CL10B104KB8NNWC,C_0603_1608Metric_Pad1.08x0.95mm_HandSolder,100n,smt,True
117.75,-87.5,-90.0,top,C80,CL10B103KB8NNNC,C_0603_1608Metric_Pad1.08x0.95mm_HandSolder,10n,smt,True
102.25,-87.5,-90.0,top,C81,CL10B104KB8NNWC,C_0603_1608Metric_Pad1.08x0.95mm_HandSolder,100n,smt,True
104.0,-87.5,-90.0,top,C82,CL10B103KB8NNNC,C_0603_1608Metric_Pad1.08x0.95mm_HandSolder,10n,smt,True
105.75,-87.5,-90.0,top,C83,CL10B472KB8NFNC,C_0603_1608Metric_Pad1.08x0.95mm_HandSolder,4.7n,smt,True
107.5,-87.5,-90.0,top,C84,CL10B102KB8NNNC,C_0603_1608Metric_Pad1.08x0.95mm_HandSolder,1n,smt,True
94.25,-91.75,0.0,top,C85,CL10B104KB8NNWC,C_0603_1608Metric_Pad1.08x0.95mm_HandSolder,100n,smt,True
94.25,-90.0,0.0,top,C86,CL10B103KB8NNNC,C_0603_1608Metric_Pad1.08x0.95mm_HandSolder,10n,smt,True
94.25,-86.5,0.0,top,C87,CL10B472KB8NFNC,C_0603_1608Metric_Pad1.08x0.95mm_HandSolder,4.7n,smt,True
94.25,-88.25,0.0,top,C88,CL10B102KB8NNNC,C_0603_1608Metric_Pad1.08x0.95mm_HandSolder,1n,smt,True
129.5,-109.75,0.0,top,C89,CL32B226KAJNNNE,C_1210_3225Metric_Pad1.33x2.70mm_HandSolder,22u,smt,True
184.0,-131.5,90.0,bottom,C9,CL10B472KB8NFNC,C_0603_1608Metric_Pad1.08x0.95mm_HandSolder,4.7n,smt,True
112.5,-112.0,180.0,top,C90,CL21A475KLCLQNC,C_0805_2012Metric_Pad1.18x1.45mm_HandSolder,4.7u,smt,True
112.5,-114.0,180.0,top,C91,CL21A475KLCLQNC,C_0805_2012Metric_Pad1.18x1.45mm_HandSolder,4.7u,smt,True
112.5,-116.0,180.0,top,C92,CL21A475KLCLQNC,C_0805_2012Metric_Pad1.18x1.45mm_HandSolder,4.7u,smt,True
112.5,-118.0,180.0,top,C93,CL21A475KLCLQNC,C_0805_2012Metric_Pad1.18x1.45mm_HandSolder,4.7u,smt,True
112.5,-120.0,180.0,top,C94,CL21A475KLCLQNC,C_0805_2012Metric_Pad1.18x1.45mm_HandSolder,4.7u,smt,True
116.0,-121.0,-90.0,top,C95,CL10B104KB8NNWC,C_0603_1608Metric_Pad1.08x0.95mm_HandSolder,100n,smt,True
117.75,-121.0,-90.0,top,C96,CL10B103KB8NNNC,C_0603_1608Metric_Pad1.08x0.95mm_HandSolder,10n,smt,True
102.25,-121.0,-90.0,top,C97,CL10B104KB8NNWC,C_0603_1608Metric_Pad1.08x0.95mm_HandSolder,100n,smt,True
104.0,-121.0,-90.0,top,C98,CL10B103KB8NNNC,C_0603_1608Metric_Pad1.08x0.95mm_HandSolder,10n,smt,True
105.75,-121.0,-90.0,top,C99,CL10B472KB8NFNC,C_0603_1608Metric_Pad1.08x0.95mm_HandSolder,4.7n,smt,True
202.5,-128.25,90.0,top,D1,SMCJ20CA,D_SMC,20V,smt,True
199.5,-121.5,90.0,bottom,D2,MM3Z10VC,D_SOD-323_HandSoldering,10V,smt,True
192.25,-121.5,90.0,bottom,D3,NSR0340HT1G,D_SOD-323_HandSoldering,NSR0340HT1G,smt,True
193.25,-118.5,180.0,bottom,D4,MM3Z10VC,D_SOD-323_HandSoldering,10V,smt,True
203.0,-105.0,180.0,top,D5,NSR0340HT1G,D_SOD-323_HandSoldering,NSR0340HT1G,smt,True
200.5,-97.5,180.0,top,D6,NSR0340HT1G,D_SOD-323_HandSoldering,NSR0340HT1G,smt,True
205.5,-135.0,180.0,top,F1,0685H9250-01,Fuse_1206_3216Metric_Pad1.42x1.75mm_HandSolder,25A,smt,True
83.25,-89.25,90.0,top,F2,0685H9250-01,Fuse_1206_3216Metric_Pad1.42x1.75mm_HandSolder,25A,smt,True
83.25,-110.25,90.0,top,F3,0685H9250-01,Fuse_1206_3216Metric_Pad1.42x1.75mm_HandSolder,25A,smt,True
204.0,-143.25,0.0,top,H1,,MountingHole-3mm_small_annulus,~,tht,False
104.0,-65.75,0.0,top,H10,,MountingHole-3mm_small_annulus,~,tht,False
84.0,-65.75,0.0,top,H11,,MountingHole-3mm_small_annulus,~,tht,False
73.25,-84.5,0.0,top,H12,,MountingHole-3mm_small_annulus,~,tht,False
214.75,-84.5,0.0,top,H13,,MountingHole-3mm_small_annulus,~,tht,False
124.25,-65.75,0.0,top,H14,,MountingHole-3mm_small_annulus,~,tht,False
144.0,-65.75,0.0,top,H15,,MountingHole-3mm_small_annulus,~,tht,False
104.0,-143.25,0.0,top,H16,,MountingHole-3mm_small_annulus,~,tht,False
204.0,-65.75,0.0,top,H17,,MountingHole-3mm_small_annulus,~,tht,False
184.0,-143.25,0.0,top,H18,,MountingHole-3mm_small_annulus,~,tht,False
184.0,-65.75,0.0,top,H19,,MountingHole-3mm_small_annulus,~,tht,False
73.25,-124.5,0.0,top,H2,,MountingHole-3mm_small_annulus,~,tht,False
164.0,-65.75,0.0,top,H20,,MountingHole-3mm_small_annulus,~,tht,False
144.0,-143.25,0.0,top,H3,,MountingHole-3mm_small_annulus,~,tht,False
73.25,-104.5,0.0,top,H4,,MountingHole-3mm_small_annulus,~,tht,False
214.75,-124.5,0.0,top,H5,,MountingHole-3mm_small_annulus,~,tht,False
164.0,-143.25,0.0,top,H6,,MountingHole-3mm_small_annulus,~,tht,False
124.0,-143.25,0.0,top,H7,,MountingHole-3mm_small_annulus,~,tht,False
84.0,-143.25,0.0,top,H8,,MountingHole-3mm_small_annulus,~,tht,False
214.75,-104.5,0.0,top,H9,,MountingHole-3mm_small_annulus,~,tht,False
157.0,-88.875,0.0,top,J1,,PinHeader_1x08_P2.54mm_Vertical,DNP,tht,True
55.0,-94.0,0.0,top,J10,6095,Keystone 6095,6095,tht,True
176.5,-93.775,180.0,top,J2,,PinHeader_1x03_P2.54mm_Vertical,DNP,tht,True
176.5,-106.79,180.0,top,J3,,PinHeader_1x03_P2.54mm_Vertical,DNP,tht,True
157.0,-81.775,180.0,top,J4,,PinHeader_1x03_P2.54mm_Vertical,DNP,tht,True
176.5,-81.775,180.0,top,J5,,PinHeader_1x03_P2.54mm_Vertical,DNP,tht,True
233.0,-134.0,0.0,top,J6,6095,Keystone 6095,6095,tht,True
233.0,-115.0,0.0,top,J7,6095,Keystone 6095,6095,tht,True
233.0,-96.0,0.0,top,J8,6095,Keystone 6095,6095,tht,True
55.0,-75.0,0.0,top,J9,6095,Keystone 6095,6095,tht,True
168.5,-126.75,0.0,top,L1,2014VS-251MED,COILCRAFT_2014,257n,smt,True
132.5,-81.5,-90.0,top,L2,2014VS-251MED,COILCRAFT_2014,257n,smt,True
112.0,-80.5,180.0,top,L3,1212VS-90NMED,COILCRAFT_1212,90n,smt,True
96.0,-80.5,180.0,top,L4,1212VS-90NMED,COILCRAFT_1212,90n,smt,True
132.5,-115.0,-90.0,top,L5,2014VS-251MED,COILCRAFT_2014,257n,smt,True
112.0,-114.0,180.0,top,L6,1212VS-90NMED,COILCRAFT_1212,90n,smt,True
96.0,-114.0,180.0,top,L7,1212VS-90NMED,COILCRAFT_1212,90n,smt,True
200.55,-120.25,0.0,top,Q1,SIRA60DP-T1-GE3,PQFN-8-EP_6x5mm_P1.27mm_Generic,SIRA60DP,smt,True
192.45,-120.25,180.0,top,Q2,SIRA60DP-T1-GE3,PQFN-8-EP_6x5mm_P1.27mm_Generic,SIRA60DP,smt,True
201.5,-121.75,90.0,bottom,R1,RMCF0603FT4K70,R_0603_1608Metric_Pad0.98x0.95mm_HandSolder,4.7k,smt,True
193.0,-95.0,180.0,bottom,R10,RMCF0603FT750R,R_0603_1608Metric_Pad0.98x0.95mm_HandSolder,750R,smt,True
154.5,-94.75,90.0,bottom,R11,RMCF0603FT4K70,R_0603_1608Metric_Pad0.98x0.95mm_HandSolder,4.7k,smt,True
154.5,-100.0,-90.0,bottom,R12,RMCF0603FT22R0,R_0603_1608Metric_Pad0.98x0.95mm_HandSolder,22R,smt,True
154.5,-105.0,-90.0,bottom,R13,RMCF0603FT22R0,R_0603_1608Metric_Pad0.98x0.95mm_HandSolder,22R,smt,True
129.249999,-100.25,0.0,top,R14,RPC0805JT2R20-UP,R_0805_2012Metric_Pad1.20x1.40mm_HandSolder,2.2R,smt,True
122.25,-91.0,-90.0,top,R15,RPC0805JT2R20-UP,R_0805_2012Metric_Pad1.20x1.40mm_HandSolder,2.2R,smt,True
129.25,-133.75,0.0,top,R16,RPC0805JT2R20-UP,R_0805_2012Metric_Pad1.20x1.40mm_HandSolder,2.2R,smt,True
122.25,-124.5,-90.0,top,R17,RPC0805JT2R20-UP,R_0805_2012Metric_Pad1.20x1.40mm_HandSolder,2.2R,smt,True
129.5,-79.25,180.0,top,R18,CSR1206FKR250,R_1206_3216Metric_Pad1.30x1.75mm_HandSolder,250m,smt,True
100.25,-87.5,90.0,top,R19,RPC0805JT2R20-UP,R_0805_2012Metric_Pad1.20x1.40mm_HandSolder,2.2R,smt,True
200.5,-118.5,180.0,bottom,R2,RMCF0603FT100K,R_0603_1608Metric_Pad0.98x0.95mm_HandSolder,100k,smt,True
95.25,-94.5,-90.0,top,R20,RPC0805JT2R20-UP,R_0805_2012Metric_Pad1.20x1.40mm_HandSolder,2.2R,smt,True
129.5,-112.75,180.0,top,R21,CSR1206FKR250,R_1206_3216Metric_Pad1.30x1.75mm_HandSolder,250m,smt,True
100.25,-121.0,90.0,top,R22,RPC0805JT2R20-UP,R_0805_2012Metric_Pad1.20x1.40mm_HandSolder,2.2R,smt,True
95.25,-128.0,-90.0,top,R23,RPC0805JT2R20-UP,R_0805_2012Metric_Pad1.20x1.40mm_HandSolder,2.2R,smt,True
84.25,-94.25,0.0,top,R24,VMS-R010-1.0-U,R_2512_6332_CURRENT_SHUNT,10mR 4W,smt,True
164.5,-88.25,180.0,bottom,R25,RN73R2BTTD2201B25,R_1206_3216Metric_Pad1.30x1.75mm_HandSolder,2.2k 0.1%,smt,True
164.5,-94.25,180.0,bottom,R26,RN73R2BTTD2201B25,R_1206_3216Metric_Pad1.30x1.75mm_HandSolder,2.2k 0.1%,smt,True
165.5,-87.25,180.0,top,R27,RN73R1JTTD2200B25,R_0603_1608Metric_Pad0.98x0.95mm_HandSolder,220R 0.1%,smt,True
165.5,-95.25,180.0,top,R28,RN73R1JTTD2200B25,R_0603_1608Metric_Pad0.98x0.95mm_HandSolder,220R 0.1%,smt,True
169.5,-88.75,180.0,bottom,R29,RN73R1JTTD2200B25,R_0603_1608Metric_Pad0.98x0.95mm_HandSolder,220R 0.1%,smt,True
199.75,-125.5,180.0,bottom,R3,RMCF1210JT1K00,R_1210_3225Metric_Pad1.30x2.65mm_HandSolder,1k 1/2W,smt,True
169.5,-93.75,180.0,bottom,R30,RN73R1JTTD2200B25,R_0603_1608Metric_Pad0.98x0.95mm_HandSolder,220R 0.1%,smt,True
171.5,-89.25,90.0,top,R31,RN73R1JTTD75R0B25,R_0603_1608Metric_Pad0.98x0.95mm_HandSolder,75R 0.1%,smt,True
171.5,-93.25,-90.0,top,R32,RN73R1JTTD75R0B25,R_0603_1608Metric_Pad0.98x0.95mm_HandSolder,75R 0.1%,smt,True
165.5,-93.25,0.0,top,R33,RMCF0603FT4K70,R_0603_1608Metric_Pad0.98x0.95mm_HandSolder,4.7k,smt,True
165.5,-89.25,180.0,top,R34,RMCF0603FT4K70,R_0603_1608Metric_Pad0.98x0.95mm_HandSolder,4.7k,smt,True
164.5,-101.25,180.0,bottom,R35,RN73R2BTTD2201B25,R_1206_3216Metric_Pad1.30x1.75mm_HandSolder,2.2k 0.1%,smt,True
164.5,-107.25,180.0,bottom,R36,RN73R2BTTD2201B25,R_1206_3216Metric_Pad1.30x1.75mm_HandSolder,2.2k 0.1%,smt,True
166.0,-99.75,180.0,top,R37,RN73R2BTTD2201B25,R_1206_3216Metric_Pad1.30x1.75mm_HandSolder,2.2k 0.1%,smt,True
166.0,-108.75,180.0,top,R38,RN73R2BTTD2201B25,R_1206_3216Metric_Pad1.30x1.75mm_HandSolder,2.2k 0.1%,smt,True
169.5,-101.25,180.0,bottom,R39,RN73R2BTTD2201B25,R_1206_3216Metric_Pad1.30x1.75mm_HandSolder,2.2k 0.1%,smt,True
189.5,-125.5,90.0,bottom,R4,RMCF1210JT1K00,R_1210_3225Metric_Pad1.30x2.65mm_HandSolder,1k 1/2W,smt,True
169.5,-107.25,180.0,bottom,R40,RN73R2BTTD2201B25,R_1206_3216Metric_Pad1.30x1.75mm_HandSolder,2.2k 0.1%,smt,True
171.5,-102.25,90.0,top,R41,RN73R1JTTD75R0B25,R_0603_1608Metric_Pad0.98x0.95mm_HandSolder,75R 0.1%,smt,True
171.5,-106.25,-90.0,top,R42,RN73R1JTTD75R0B25,R_0603_1608Metric_Pad0.98x0.95mm_HandSolder,75R 0.1%,smt,True
165.5,-106.25,0.0,top,R43,RMCF0603FT4K70,R_0603_1608Metric_Pad0.98x0.95mm_HandSolder,4.7k,smt,True
165.5,-102.25,180.0,top,R44,RMCF0603FT4K70,R_0603_1608Metric_Pad0.98x0.95mm_HandSolder,4.7k,smt,True
152.5,-79.25,90.0,top,R45,RMCF0603FT750R,R_0603_1608Metric_Pad0.98x0.95mm_HandSolder,750R,smt,True
172.0,-79.235,90.0,top,R46,RMCF0603FT750R,R_0603_1608Metric_Pad0.98x0.95mm_HandSolder,750R,smt,True
193.25,-126.25,0.0,bottom,R5,RMCF0603FT100K,R_0603_1608Metric_Pad0.98x0.95mm_HandSolder,100k,smt,True
193.25,-124.5,180.0,bottom,R6,RMCF0603FT22R0,R_0603_1608Metric_Pad0.98x0.95mm_HandSolder,22R,smt,True
147.75,-121.5,0.0,top,R7,CSRN2512FK50L0,R_2512_6332Metric_Pad1.40x3.35mm_HandSolder,50mR,smt,True
158.75,-121.5,0.0,top,R8,CSRN2512FK50L0,R_2512_6332Metric_Pad1.40x3.35mm_HandSolder,50mR,smt,True
204.5,-96.25,90.0,top,R9,CSR1206FKR250,R_1206_3216Metric_Pad1.30x1.75mm_HandSolder,250m,smt,True
196.5,-128.25,90.0,top,TP1,,TestPoint_Pad_D2.0mm,-,tht,False
186.0,-92.25,90.0,top,TP10,,TestPoint_Pad_D2.0mm,-,tht,False
189.5,-94.0,90.0,top,TP11,,TestPoint_Pad_D2.0mm,-,tht,False
110.25,-98.999999,0.0,top,TP12,,TestPoint_Pad_D2.0mm,-,tht,False
110.25,-95.749999,0.0,top,TP13,,TestPoint_Pad_D2.0mm,-,tht,False
110.25,-132.5,0.0,top,TP14,,TestPoint_Pad_D2.0mm,-,tht,False
110.25,-129.25,0.0,top,TP15,,TestPoint_Pad_D2.0mm,-,tht,False
120.0,-76.0,0.0,top,TP16,,TestPoint_Pad_D2.0mm,-,tht,False
104.0,-84.0,0.0,top,TP17,,TestPoint_Pad_D2.0mm,-,tht,False
90.75,-89.5,0.0,top,TP18,,TestPoint_Pad_D2.0mm,-,tht,False
97.75,-89.5,0.0,top,TP19,,TestPoint_Pad_D2.0mm,-,tht,False
196.5,-124.75,90.0,top,TP2,,TestPoint_Pad_D2.0mm,-,tht,False
104.0,-91.0,0.0,top,TP20,,TestPoint_Pad_D2.0mm,-,tht,False
120.0,-73.0,0.0,top,TP21,,TestPoint_Pad_D2.0mm,-,tht,False
120.0,-109.5,0.0,top,TP22,,TestPoint_Pad_D2.0mm,-,tht,False
104.0,-117.5,0.0,top,TP23,,TestPoint_Pad_D2.0mm,-,tht,False
90.75,-123.0,0.0,top,TP24,,TestPoint_Pad_D2.0mm,-,tht,False
97.75,-123.0,0.0,top,TP25,,TestPoint_Pad_D2.0mm,-,tht,False
104.0,-124.5,0.0,top,TP26,,TestPoint_Pad_D2.0mm,-,tht,False
120.0,-106.5,0.0,top,TP27,,TestPoint_Pad_D2.0mm,-,tht,False
165.5,-77.235,0.0,top,TP28,,TestPoint_Pad_D2.0mm,-,tht,False
165.5,-81.235,0.0,top,TP29,,TestPoint_Pad_D2.0mm,-,tht,False
134.0,-136.0,90.0,top,TP3,,TestPoint_Pad_D2.0mm,-,tht,False
161.25,-89.75,0.0,top,TP30,,TestPoint_Pad_D2.0mm,-,tht,False
161.25,-92.75,0.0,top,TP31,,TestPoint_Pad_D2.0mm,-,tht,False
138.0,-136.0,90.0,top,TP4,,TestPoint_Pad_D2.0mm,-,tht,False
191.75,-126.5,90.0,top,TP5,,TestPoint_Pad_D2.0mm,-,tht,False
204.5,-91.5,90.0,top,TP6,,TestPoint_Pad_D2.0mm,-,tht,False
207.25,-100.0,90.0,top,TP7,,TestPoint_Pad_D2.0mm,-,tht,False
204.5,-88.0,90.0,top,TP8,,TestPoint_Pad_D2.0mm,-,tht,False
189.5,-90.5,90.0,top,TP9,,TestPoint_Pad_D2.0mm,-,tht,False
195.625,-105.0,180.0,top,U1,MC7805CD2TR4G,TO-263-2,MC7805CD2TR4G,smt,True
193.0,-92.0,90.0,top,U2,MCP1501T-20E/CHY,SOT-23-6,MCP1501T-20E/CHY,smt,True
199.0,-92.0,90.0,top,U3,SPX1117M3-L-3-3/TR,SOT-223-3_TabPin2,SPX1117M3-L-3-3/TR,smt,True
126.5,-93.5,-90.0,top,U4,CSD95372AQ5M,LSON-12-1EP_5x6mm,CSD95372AQ5M,smt,True
126.5,-127.0,-90.0,top,U5,CSD95372AQ5M,LSON-12-1EP_5x6mm,CSD95372AQ5M,smt,True
169.0,-91.25,90.0,top,U6,LTC6362CMS8#TRPBF,MSOP-8_3x3mm_P0.65mm,LTC6362,smt,True
169.0,-104.25,90.0,top,U7,LTC6362CMS8#TRPBF,MSOP-8_3x3mm_P0.65mm,LTC6362,smt,True
149.5,-79.25,90.0,top,U8,INA241A4IDDFR,SOT-23-8_Handsoldering,INA241A4,smt,True
169.0,-79.235,90.0,top,U9,INA241A1IDDFR,SOT-23-8_Handsoldering,INA241A1,smt,True
154.079,-93.94,0.0,top,kibuzzard-6525E0C3,,kibuzzard-6525E0C3,G***,tht,False
152.428,-88.86,0.0,top,kibuzzard-6525E106,,kibuzzard-6525E106,G***,tht,False
153.444,-91.4,0.0,top,kibuzzard-6525E114,,kibuzzard-6525E114,G***,tht,False
152.936,-96.48,0.0,top,kibuzzard-6525E122,,kibuzzard-6525E122,G***,tht,False
152.682,-99.02,0.0,top,kibuzzard-6525E130,,kibuzzard-6525E130,G***,tht,False
153.444,-101.56,0.0,top,kibuzzard-6525E138,,kibuzzard-6525E138,G***,tht,False
152.809,-104.1,0.0,top,kibuzzard-6525E140,,kibuzzard-6525E140,G***,tht,False
153.444,-106.64,0.0,top,kibuzzard-6525E147,,kibuzzard-6525E147,G***,tht,False
159.54,-81.79,0.0,top,kibuzzard-6525E19B,,kibuzzard-6525E19B,G***,tht,False
161.064,-79.25,0.0,top,kibuzzard-6525E1AD,,kibuzzard-6525E1AD,G***,tht,False
160.556,-76.71,0.0,top,kibuzzard-6525E1B5,,kibuzzard-6525E1B5,G***,tht,False
178.913,-81.79,0.0,top,kibuzzard-6525E1C4,,kibuzzard-6525E1C4,G***,tht,False
180.564,-79.25,0.0,top,kibuzzard-6525E1D0,,kibuzzard-6525E1D0,G***,tht,False
180.056,-76.71,0.0,top,kibuzzard-6525E1DB,,kibuzzard-6525E1DB,G***,tht,False
180.056,-91.25,0.0,top,kibuzzard-6525E1FF,,kibuzzard-6525E1FF,G***,tht,False
179.802,-93.79,0.0,top,kibuzzard-6525E213,,kibuzzard-6525E213,G***,tht,False
179.802,-88.71,0.0,top,kibuzzard-6525E21C,,kibuzzard-6525E21C,G***,tht,False
179.802,-106.805,0.0,top,kibuzzard-6525E231,,kibuzzard-6525E231,G***,tht,False
180.056,-104.265,0.0,top,kibuzzard-6525E23B,,kibuzzard-6525E23B,G***,tht,False
179.802,-101.725,0.0,top,kibuzzard-6525E244,,kibuzzard-6525E244,G***,tht,False
223.5,-134.0,90.0,top,kibuzzard-6525E2FE,,kibuzzard-6525E2FE,G***,tht,False
223.5,-115.0,90.0,top,kibuzzard-6525E307,,kibuzzard-6525E307,G***,tht,False
64.5,-93.0,-90.0,top,kibuzzard-6525E33F,,kibuzzard-6525E33F,G***,tht,False
64.5,-75.0,-90.0,top,kibuzzard-6525E349,,kibuzzard-6525E349,G***,tht,False
199.5,-78.0,0.0,top,kibuzzard-6525E43B,,kibuzzard-6525E43B,G***,tht,False
93.5,-135.0,0.0,top,kibuzzard-6525E518,,kibuzzard-6525E518,G***,tht,False
196.577956,-74.169593,0.0,top,kibuzzard-652702F8,,kibuzzard-652702F8,G***,tht,False
223.5,-96.0,90.0,top,kibuzzard-65271A22,,kibuzzard-65271A22,G***,tht,False
